test_data_id,profit_per_user,model_size,module_count,topology_degree,bandwidth,gpu_cost,memory_cost,bandwidth_cost,computation_ability,memory_ability,multi_func_min_cost_cost,multi_func_min_cost_deploy_cost,multi_func_min_cost_comm_cost,multi_func_min_cost_profit,multi_func_min_cost_users,multi_func_min_cost_nodes,multi_func_min_cost_avg_modules,multi_func_profit_cost,multi_func_profit_deploy_cost,multi_func_profit_comm_cost,multi_func_profit_profit,multi_func_profit_users,multi_func_profit_nodes,multi_func_profit_avg_modules,multi_func_worst_profit_cost,multi_func_worst_profit_deploy_cost,multi_func_worst_profit_comm_cost,multi_func_worst_profit_profit,multi_func_worst_profit_users,multi_func_worst_profit_nodes,multi_func_worst_profit_avg_modules,multi_func_max_users_cost,multi_func_max_users_deploy_cost,multi_func_max_users_comm_cost,multi_func_max_users_profit,multi_func_max_users_users,multi_func_max_users_nodes,multi_func_max_users_avg_modules,single_func_cost,single_func_deploy_cost,single_func_comm_cost,single_func_profit,single_func_users,single_func_nodes,single_func_avg_modules
1,0,13000000000,2,5,100,0.004,0.001,0.1,7800,23400,93.0,91.0,2.0,-93.0,1.0,2,1.0,93.0,91.0,2.0,-93.0,1.0,2,1.0,415.6,405.6,10.0,-415.6,1.0,2,1.0,93.0,91.0,2.0,-93.0,1.0,2,1.0,93.0,91.0,2.0,-93.0,1.0,2,1.0
2,25,13000000000,2,5,100,0.004,0.001,0.1,7800,23400,93.0,91.0,2.0,-68.0,1.0,2,1.0,93.0,91.0,2.0,-68.0,1.0,2,1.0,415.6,405.6,10.0,-390.6,1.0,2,1.0,93.0,91.0,2.0,-68.0,1.0,2,1.0,93.0,91.0,2.0,-68.0,1.0,2,1.0
4,75,13000000000,2,5,100,0.004,0.001,0.1,7800,23400,93.0,91.0,2.0,-18.0,1.0,2,1.0,93.0,91.0,2.0,-18.0,1.0,2,1.0,415.6,405.6,10.0,-340.6,1.0,2,1.0,93.0,91.0,2.0,-18.0,1.0,2,1.0,93.0,91.0,2.0,-18.0,1.0,2,1.0
3,50,13000000000,2,5,100,0.004,0.001,0.1,7800,23400,93.0,91.0,2.0,-43.0,1.0,2,1.0,93.0,91.0,2.0,-43.0,1.0,2,1.0,415.6,405.6,10.0,-365.6,1.0,2,1.0,93.0,91.0,2.0,-43.0,1.0,2,1.0,93.0,91.0,2.0,-43.0,1.0,2,1.0
6,125,13000000000,2,5,100,0.004,0.001,0.1,7800,23400,93.0,91.0,2.0,32.0,1.0,2,1.0,93.0,91.0,2.0,32.0,1.0,2,1.0,415.6,405.6,10.0,-290.6,1.0,2,1.0,93.0,91.0,2.0,32.0,1.0,2,1.0,93.0,91.0,2.0,32.0,1.0,2,1.0
8,175,13000000000,2,5,100,0.004,0.001,0.1,7800,23400,93.0,91.0,2.0,82.0,1.0,2,1.0,93.0,91.0,2.0,82.0,1.0,2,1.0,415.6,405.6,10.0,-240.60000000000002,1.0,2,1.0,93.0,91.0,2.0,82.0,1.0,2,1.0,93.0,91.0,2.0,82.0,1.0,2,1.0
7,150,13000000000,2,5,100,0.004,0.001,0.1,7800,23400,93.0,91.0,2.0,57.0,1.0,2,1.0,93.0,91.0,2.0,57.0,1.0,2,1.0,415.6,405.6,10.0,-265.6,1.0,2,1.0,93.0,91.0,2.0,57.0,1.0,2,1.0,93.0,91.0,2.0,57.0,1.0,2,1.0
9,200,13000000000,2,5,100,0.004,0.001,0.1,7800,23400,93.0,91.0,2.0,107.0,1.0,2,1.0,93.0,91.0,2.0,107.0,1.0,2,1.0,415.6,405.6,10.0,-215.60000000000002,1.0,2,1.0,93.0,91.0,2.0,107.0,1.0,2,1.0,93.0,91.0,2.0,107.0,1.0,2,1.0
10,0,13000000000,2,5,100,0.004,0.001,0.1,7800,27300,93.0,91.0,2.0,-93.0,1.0,2,1.0,93.0,91.0,2.0,-93.0,1.0,2,1.0,415.6,405.6,10.0,-415.6,1.0,2,1.0,93.0,91.0,2.0,-93.0,1.0,2,1.0,93.0,91.0,2.0,-93.0,1.0,2,1.0
5,100,13000000000,2,5,100,0.004,0.001,0.1,7800,23400,93.0,91.0,2.0,7.0,1.0,2,1.0,93.0,91.0,2.0,7.0,1.0,2,1.0,415.6,405.6,10.0,-315.6,1.0,2,1.0,93.0,91.0,2.0,7.0,1.0,2,1.0,93.0,91.0,2.0,7.0,1.0,2,1.0
11,25,13000000000,2,5,100,0.004,0.001,0.1,7800,27300,93.0,91.0,2.0,-68.0,1.0,2,1.0,93.0,91.0,2.0,-68.0,1.0,2,1.0,415.6,405.6,10.0,-390.6,1.0,2,1.0,93.0,91.0,2.0,-68.0,1.0,2,1.0,93.0,91.0,2.0,-68.0,1.0,2,1.0
12,50,13000000000,2,5,100,0.004,0.001,0.1,7800,27300,93.0,91.0,2.0,-43.0,1.0,2,1.0,93.0,91.0,2.0,-43.0,1.0,2,1.0,415.6,405.6,10.0,-365.6,1.0,2,1.0,93.0,91.0,2.0,-43.0,1.0,2,1.0,93.0,91.0,2.0,-43.0,1.0,2,1.0
14,100,13000000000,2,5,100,0.004,0.001,0.1,7800,27300,93.0,91.0,2.0,7.0,1.0,2,1.0,93.0,91.0,2.0,7.0,1.0,2,1.0,415.6,405.6,10.0,-315.6,1.0,2,1.0,93.0,91.0,2.0,7.0,1.0,2,1.0,93.0,91.0,2.0,7.0,1.0,2,1.0
13,75,13000000000,2,5,100,0.004,0.001,0.1,7800,27300,93.0,91.0,2.0,-18.0,1.0,2,1.0,93.0,91.0,2.0,-18.0,1.0,2,1.0,415.6,405.6,10.0,-340.6,1.0,2,1.0,93.0,91.0,2.0,-18.0,1.0,2,1.0,93.0,91.0,2.0,-18.0,1.0,2,1.0
15,125,13000000000,2,5,100,0.004,0.001,0.1,7800,27300,93.0,91.0,2.0,32.0,1.0,2,1.0,93.0,91.0,2.0,32.0,1.0,2,1.0,415.6,405.6,10.0,-290.6,1.0,2,1.0,93.0,91.0,2.0,32.0,1.0,2,1.0,93.0,91.0,2.0,32.0,1.0,2,1.0
16,150,13000000000,2,5,100,0.004,0.001,0.1,7800,27300,93.0,91.0,2.0,57.0,1.0,2,1.0,93.0,91.0,2.0,57.0,1.0,2,1.0,415.6,405.6,10.0,-265.6,1.0,2,1.0,93.0,91.0,2.0,57.0,1.0,2,1.0,93.0,91.0,2.0,57.0,1.0,2,1.0
17,175,13000000000,2,5,100,0.004,0.001,0.1,7800,27300,93.0,91.0,2.0,82.0,1.0,2,1.0,93.0,91.0,2.0,82.0,1.0,2,1.0,415.6,405.6,10.0,-240.60000000000002,1.0,2,1.0,93.0,91.0,2.0,82.0,1.0,2,1.0,93.0,91.0,2.0,82.0,1.0,2,1.0
18,200,13000000000,2,5,100,0.004,0.001,0.1,7800,27300,93.0,91.0,2.0,107.0,1.0,2,1.0,93.0,91.0,2.0,107.0,1.0,2,1.0,415.6,405.6,10.0,-215.60000000000002,1.0,2,1.0,93.0,91.0,2.0,107.0,1.0,2,1.0,93.0,91.0,2.0,107.0,1.0,2,1.0
19,0,13000000000,2,5,100,0.004,0.001,0.1,7800,31200,93.0,91.0,2.0,-93.0,1.0,2,1.0,93.0,91.0,2.0,-93.0,1.0,2,1.0,415.6,405.6,10.0,-415.6,1.0,2,1.0,93.0,91.0,2.0,-93.0,1.0,2,1.0,93.0,91.0,2.0,-93.0,1.0,2,1.0
20,25,13000000000,2,5,100,0.004,0.001,0.1,7800,31200,93.0,91.0,2.0,-68.0,1.0,2,1.0,93.0,91.0,2.0,-68.0,1.0,2,1.0,415.6,405.6,10.0,-390.6,1.0,2,1.0,93.0,91.0,2.0,-68.0,1.0,2,1.0,93.0,91.0,2.0,-68.0,1.0,2,1.0
21,50,13000000000,2,5,100,0.004,0.001,0.1,7800,31200,93.0,91.0,2.0,-43.0,1.0,2,1.0,93.0,91.0,2.0,-43.0,1.0,2,1.0,415.6,405.6,10.0,-365.6,1.0,2,1.0,93.0,91.0,2.0,-43.0,1.0,2,1.0,93.0,91.0,2.0,-43.0,1.0,2,1.0
22,75,13000000000,2,5,100,0.004,0.001,0.1,7800,31200,93.0,91.0,2.0,-18.0,1.0,2,1.0,93.0,91.0,2.0,-18.0,1.0,2,1.0,415.6,405.6,10.0,-340.6,1.0,2,1.0,93.0,91.0,2.0,-18.0,1.0,2,1.0,93.0,91.0,2.0,-18.0,1.0,2,1.0
23,100,13000000000,2,5,100,0.004,0.001,0.1,7800,31200,93.0,91.0,2.0,7.0,1.0,2,1.0,93.0,91.0,2.0,7.0,1.0,2,1.0,415.6,405.6,10.0,-315.6,1.0,2,1.0,93.0,91.0,2.0,7.0,1.0,2,1.0,93.0,91.0,2.0,7.0,1.0,2,1.0
25,150,13000000000,2,5,100,0.004,0.001,0.1,7800,31200,93.0,91.0,2.0,57.0,1.0,2,1.0,93.0,91.0,2.0,57.0,1.0,2,1.0,415.6,405.6,10.0,-265.6,1.0,2,1.0,93.0,91.0,2.0,57.0,1.0,2,1.0,93.0,91.0,2.0,57.0,1.0,2,1.0
24,125,13000000000,2,5,100,0.004,0.001,0.1,7800,31200,93.0,91.0,2.0,32.0,1.0,2,1.0,93.0,91.0,2.0,32.0,1.0,2,1.0,415.6,405.6,10.0,-290.6,1.0,2,1.0,93.0,91.0,2.0,32.0,1.0,2,1.0,93.0,91.0,2.0,32.0,1.0,2,1.0
26,175,13000000000,2,5,100,0.004,0.001,0.1,7800,31200,93.0,91.0,2.0,82.0,1.0,2,1.0,93.0,91.0,2.0,82.0,1.0,2,1.0,415.6,405.6,10.0,-240.60000000000002,1.0,2,1.0,93.0,91.0,2.0,82.0,1.0,2,1.0,93.0,91.0,2.0,82.0,1.0,2,1.0
28,0,13000000000,2,5,100,0.004,0.001,0.1,7800,35100,93.0,91.0,2.0,-93.0,1.0,2,1.0,93.0,91.0,2.0,-93.0,1.0,2,1.0,415.6,405.6,10.0,-415.6,1.0,2,1.0,93.0,91.0,2.0,-93.0,1.0,2,1.0,93.0,91.0,2.0,-93.0,1.0,2,1.0
27,200,13000000000,2,5,100,0.004,0.001,0.1,7800,31200,93.0,91.0,2.0,107.0,1.0,2,1.0,93.0,91.0,2.0,107.0,1.0,2,1.0,415.6,405.6,10.0,-215.60000000000002,1.0,2,1.0,93.0,91.0,2.0,107.0,1.0,2,1.0,93.0,91.0,2.0,107.0,1.0,2,1.0
29,25,13000000000,2,5,100,0.004,0.001,0.1,7800,35100,93.0,91.0,2.0,-68.0,1.0,2,1.0,93.0,91.0,2.0,-68.0,1.0,2,1.0,415.6,405.6,10.0,-390.6,1.0,2,1.0,93.0,91.0,2.0,-68.0,1.0,2,1.0,93.0,91.0,2.0,-68.0,1.0,2,1.0
30,50,13000000000,2,5,100,0.004,0.001,0.1,7800,35100,93.0,91.0,2.0,-43.0,1.0,2,1.0,93.0,91.0,2.0,-43.0,1.0,2,1.0,415.6,405.6,10.0,-365.6,1.0,2,1.0,93.0,91.0,2.0,-43.0,1.0,2,1.0,93.0,91.0,2.0,-43.0,1.0,2,1.0
32,100,13000000000,2,5,100,0.004,0.001,0.1,7800,35100,93.0,91.0,2.0,7.0,1.0,2,1.0,93.0,91.0,2.0,7.0,1.0,2,1.0,415.6,405.6,10.0,-315.6,1.0,2,1.0,93.0,91.0,2.0,7.0,1.0,2,1.0,93.0,91.0,2.0,7.0,1.0,2,1.0
31,75,13000000000,2,5,100,0.004,0.001,0.1,7800,35100,93.0,91.0,2.0,-18.0,1.0,2,1.0,93.0,91.0,2.0,-18.0,1.0,2,1.0,415.6,405.6,10.0,-340.6,1.0,2,1.0,93.0,91.0,2.0,-18.0,1.0,2,1.0,93.0,91.0,2.0,-18.0,1.0,2,1.0
33,125,13000000000,2,5,100,0.004,0.001,0.1,7800,35100,93.0,91.0,2.0,32.0,1.0,2,1.0,93.0,91.0,2.0,32.0,1.0,2,1.0,415.6,405.6,10.0,-290.6,1.0,2,1.0,93.0,91.0,2.0,32.0,1.0,2,1.0,93.0,91.0,2.0,32.0,1.0,2,1.0
34,150,13000000000,2,5,100,0.004,0.001,0.1,7800,35100,93.0,91.0,2.0,57.0,1.0,2,1.0,93.0,91.0,2.0,57.0,1.0,2,1.0,415.6,405.6,10.0,-265.6,1.0,2,1.0,93.0,91.0,2.0,57.0,1.0,2,1.0,93.0,91.0,2.0,57.0,1.0,2,1.0
35,175,13000000000,2,5,100,0.004,0.001,0.1,7800,35100,93.0,91.0,2.0,82.0,1.0,2,1.0,93.0,91.0,2.0,82.0,1.0,2,1.0,415.6,405.6,10.0,-240.60000000000002,1.0,2,1.0,93.0,91.0,2.0,82.0,1.0,2,1.0,93.0,91.0,2.0,82.0,1.0,2,1.0
38,25,13000000000,2,5,100,0.004,0.001,0.1,7800,39000,93.0,91.0,2.0,-68.0,1.0,2,1.0,93.0,91.0,2.0,-68.0,1.0,2,1.0,415.6,405.6,10.0,-390.6,1.0,2,1.0,93.0,91.0,2.0,-68.0,1.0,2,1.0,93.0,91.0,2.0,-68.0,1.0,2,1.0
39,50,13000000000,2,5,100,0.004,0.001,0.1,7800,39000,93.0,91.0,2.0,-43.0,1.0,2,1.0,93.0,91.0,2.0,-43.0,1.0,2,1.0,415.6,405.6,10.0,-365.6,1.0,2,1.0,93.0,91.0,2.0,-43.0,1.0,2,1.0,93.0,91.0,2.0,-43.0,1.0,2,1.0
41,100,13000000000,2,5,100,0.004,0.001,0.1,7800,39000,93.0,91.0,2.0,7.0,1.0,2,1.0,93.0,91.0,2.0,7.0,1.0,2,1.0,415.6,405.6,10.0,-315.6,1.0,2,1.0,93.0,91.0,2.0,7.0,1.0,2,1.0,93.0,91.0,2.0,7.0,1.0,2,1.0
40,75,13000000000,2,5,100,0.004,0.001,0.1,7800,39000,93.0,91.0,2.0,-18.0,1.0,2,1.0,93.0,91.0,2.0,-18.0,1.0,2,1.0,415.6,405.6,10.0,-340.6,1.0,2,1.0,93.0,91.0,2.0,-18.0,1.0,2,1.0,93.0,91.0,2.0,-18.0,1.0,2,1.0
37,0,13000000000,2,5,100,0.004,0.001,0.1,7800,39000,93.0,91.0,2.0,-93.0,1.0,2,1.0,93.0,91.0,2.0,-93.0,1.0,2,1.0,415.6,405.6,10.0,-415.6,1.0,2,1.0,93.0,91.0,2.0,-93.0,1.0,2,1.0,93.0,91.0,2.0,-93.0,1.0,2,1.0
36,200,13000000000,2,5,100,0.004,0.001,0.1,7800,35100,93.0,91.0,2.0,107.0,1.0,2,1.0,93.0,91.0,2.0,107.0,1.0,2,1.0,415.6,405.6,10.0,-215.60000000000002,1.0,2,1.0,93.0,91.0,2.0,107.0,1.0,2,1.0,93.0,91.0,2.0,107.0,1.0,2,1.0
43,150,13000000000,2,5,100,0.004,0.001,0.1,7800,39000,93.0,91.0,2.0,57.0,1.0,2,1.0,93.0,91.0,2.0,57.0,1.0,2,1.0,415.6,405.6,10.0,-265.6,1.0,2,1.0,93.0,91.0,2.0,57.0,1.0,2,1.0,93.0,91.0,2.0,57.0,1.0,2,1.0
42,125,13000000000,2,5,100,0.004,0.001,0.1,7800,39000,93.0,91.0,2.0,32.0,1.0,2,1.0,93.0,91.0,2.0,32.0,1.0,2,1.0,415.6,405.6,10.0,-290.6,1.0,2,1.0,93.0,91.0,2.0,32.0,1.0,2,1.0,93.0,91.0,2.0,32.0,1.0,2,1.0
45,200,13000000000,2,5,100,0.004,0.001,0.1,7800,39000,93.0,91.0,2.0,107.0,1.0,2,1.0,93.0,91.0,2.0,107.0,1.0,2,1.0,415.6,405.6,10.0,-215.60000000000002,1.0,2,1.0,93.0,91.0,2.0,107.0,1.0,2,1.0,93.0,91.0,2.0,107.0,1.0,2,1.0
44,175,13000000000,2,5,100,0.004,0.001,0.1,7800,39000,93.0,91.0,2.0,82.0,1.0,2,1.0,93.0,91.0,2.0,82.0,1.0,2,1.0,415.6,405.6,10.0,-240.60000000000002,1.0,2,1.0,93.0,91.0,2.0,82.0,1.0,2,1.0,93.0,91.0,2.0,82.0,1.0,2,1.0
48,50,13000000000,2,5,100,0.004,0.001,0.1,9100,23400,93.0,91.0,2.0,-43.0,1.0,2,1.0,93.0,91.0,2.0,-43.0,1.0,2,1.0,415.6,405.6,10.0,-365.6,1.0,2,1.0,93.0,91.0,2.0,-43.0,1.0,2,1.0,93.0,91.0,2.0,-43.0,1.0,2,1.0
47,25,13000000000,2,5,100,0.004,0.001,0.1,9100,23400,93.0,91.0,2.0,-68.0,1.0,2,1.0,93.0,91.0,2.0,-68.0,1.0,2,1.0,415.6,405.6,10.0,-390.6,1.0,2,1.0,93.0,91.0,2.0,-68.0,1.0,2,1.0,93.0,91.0,2.0,-68.0,1.0,2,1.0
49,75,13000000000,2,5,100,0.004,0.001,0.1,9100,23400,93.0,91.0,2.0,-18.0,1.0,2,1.0,93.0,91.0,2.0,-18.0,1.0,2,1.0,415.6,405.6,10.0,-340.6,1.0,2,1.0,93.0,91.0,2.0,-18.0,1.0,2,1.0,93.0,91.0,2.0,-18.0,1.0,2,1.0
46,0,13000000000,2,5,100,0.004,0.001,0.1,9100,23400,93.0,91.0,2.0,-93.0,1.0,2,1.0,93.0,91.0,2.0,-93.0,1.0,2,1.0,415.6,405.6,10.0,-415.6,1.0,2,1.0,93.0,91.0,2.0,-93.0,1.0,2,1.0,93.0,91.0,2.0,-93.0,1.0,2,1.0
50,100,13000000000,2,5,100,0.004,0.001,0.1,9100,23400,93.0,91.0,2.0,7.0,1.0,2,1.0,93.0,91.0,2.0,7.0,1.0,2,1.0,415.6,405.6,10.0,-315.6,1.0,2,1.0,93.0,91.0,2.0,7.0,1.0,2,1.0,93.0,91.0,2.0,7.0,1.0,2,1.0
51,125,13000000000,2,5,100,0.004,0.001,0.1,9100,23400,93.0,91.0,2.0,32.0,1.0,2,1.0,93.0,91.0,2.0,32.0,1.0,2,1.0,415.6,405.6,10.0,-290.6,1.0,2,1.0,93.0,91.0,2.0,32.0,1.0,2,1.0,93.0,91.0,2.0,32.0,1.0,2,1.0
52,150,13000000000,2,5,100,0.004,0.001,0.1,9100,23400,93.0,91.0,2.0,57.0,1.0,2,1.0,93.0,91.0,2.0,57.0,1.0,2,1.0,415.6,405.6,10.0,-265.6,1.0,2,1.0,93.0,91.0,2.0,57.0,1.0,2,1.0,93.0,91.0,2.0,57.0,1.0,2,1.0
53,175,13000000000,2,5,100,0.004,0.001,0.1,9100,23400,93.0,91.0,2.0,82.0,1.0,2,1.0,93.0,91.0,2.0,82.0,1.0,2,1.0,415.6,405.6,10.0,-240.60000000000002,1.0,2,1.0,93.0,91.0,2.0,82.0,1.0,2,1.0,93.0,91.0,2.0,82.0,1.0,2,1.0
54,200,13000000000,2,5,100,0.004,0.001,0.1,9100,23400,93.0,91.0,2.0,107.0,1.0,2,1.0,93.0,91.0,2.0,107.0,1.0,2,1.0,415.6,405.6,10.0,-215.60000000000002,1.0,2,1.0,93.0,91.0,2.0,107.0,1.0,2,1.0,93.0,91.0,2.0,107.0,1.0,2,1.0
55,0,13000000000,2,5,100,0.004,0.001,0.1,9100,27300,108.5,106.16666666666667,2.3333333333333335,-108.5,1.1666666666666667,2,1.0,108.5,106.16666666666667,2.3333333333333335,-108.5,1.1666666666666667,2,1.0,484.8666666666667,473.2,11.666666666666668,-484.8666666666667,1.1666666666666667,2,1.0,108.5,106.16666666666667,2.3333333333333335,-108.5,1.1666666666666667,2,1.0,108.5,106.16666666666667,2.3333333333333335,-108.5,1.1666666666666667,2,1.0
58,75,13000000000,2,5,100,0.004,0.001,0.1,9100,27300,108.5,106.16666666666667,2.3333333333333335,-21.0,1.1666666666666667,2,1.0,108.5,106.16666666666667,2.3333333333333335,-21.0,1.1666666666666667,2,1.0,484.8666666666667,473.2,11.666666666666668,-397.3666666666667,1.1666666666666667,2,1.0,108.5,106.16666666666667,2.3333333333333335,-21.0,1.1666666666666667,2,1.0,108.5,106.16666666666667,2.3333333333333335,-21.0,1.1666666666666667,2,1.0
56,25,13000000000,2,5,100,0.004,0.001,0.1,9100,27300,108.5,106.16666666666667,2.3333333333333335,-79.33333333333333,1.1666666666666667,2,1.0,108.5,106.16666666666667,2.3333333333333335,-79.33333333333333,1.1666666666666667,2,1.0,484.8666666666667,473.2,11.666666666666668,-455.7,1.1666666666666667,2,1.0,108.5,106.16666666666667,2.3333333333333335,-79.33333333333333,1.1666666666666667,2,1.0,108.5,106.16666666666667,2.3333333333333335,-79.33333333333333,1.1666666666666667,2,1.0
60,125,13000000000,2,5,100,0.004,0.001,0.1,9100,27300,108.5,106.16666666666667,2.3333333333333335,37.33333333333334,1.1666666666666667,2,1.0,108.5,106.16666666666667,2.3333333333333335,37.33333333333334,1.1666666666666667,2,1.0,484.8666666666667,473.2,11.666666666666668,-339.0333333333333,1.1666666666666667,2,1.0,108.5,106.16666666666667,2.3333333333333335,37.33333333333334,1.1666666666666667,2,1.0,108.5,106.16666666666667,2.3333333333333335,37.33333333333334,1.1666666666666667,2,1.0
57,50,13000000000,2,5,100,0.004,0.001,0.1,9100,27300,108.5,106.16666666666667,2.3333333333333335,-50.166666666666664,1.1666666666666667,2,1.0,108.5,106.16666666666667,2.3333333333333335,-50.166666666666664,1.1666666666666667,2,1.0,484.8666666666667,473.2,11.666666666666668,-426.53333333333336,1.1666666666666667,2,1.0,108.5,106.16666666666667,2.3333333333333335,-50.166666666666664,1.1666666666666667,2,1.0,108.5,106.16666666666667,2.3333333333333335,-50.166666666666664,1.1666666666666667,2,1.0
59,100,13000000000,2,5,100,0.004,0.001,0.1,9100,27300,108.5,106.16666666666667,2.3333333333333335,8.166666666666671,1.1666666666666667,2,1.0,108.5,106.16666666666667,2.3333333333333335,8.166666666666671,1.1666666666666667,2,1.0,484.8666666666667,473.2,11.666666666666668,-368.2,1.1666666666666667,2,1.0,108.5,106.16666666666667,2.3333333333333335,8.166666666666671,1.1666666666666667,2,1.0,108.5,106.16666666666667,2.3333333333333335,8.166666666666671,1.1666666666666667,2,1.0
61,150,13000000000,2,5,100,0.004,0.001,0.1,9100,27300,108.5,106.16666666666667,2.3333333333333335,66.5,1.1666666666666667,2,1.0,108.5,106.16666666666667,2.3333333333333335,66.5,1.1666666666666667,2,1.0,484.8666666666667,473.2,11.666666666666668,-309.8666666666667,1.1666666666666667,2,1.0,108.5,106.16666666666667,2.3333333333333335,66.5,1.1666666666666667,2,1.0,108.5,106.16666666666667,2.3333333333333335,66.5,1.1666666666666667,2,1.0
63,200,13000000000,2,5,100,0.004,0.001,0.1,9100,27300,108.5,106.16666666666667,2.3333333333333335,124.83333333333334,1.1666666666666667,2,1.0,108.5,106.16666666666667,2.3333333333333335,124.83333333333334,1.1666666666666667,2,1.0,484.8666666666667,473.2,11.666666666666668,-251.53333333333333,1.1666666666666667,2,1.0,108.5,106.16666666666667,2.3333333333333335,124.83333333333334,1.1666666666666667,2,1.0,108.5,106.16666666666667,2.3333333333333335,124.83333333333334,1.1666666666666667,2,1.0
64,0,13000000000,2,5,100,0.004,0.001,0.1,9100,31200,108.5,106.16666666666667,2.3333333333333335,-108.5,1.1666666666666667,2,1.0,108.5,106.16666666666667,2.3333333333333335,-108.5,1.1666666666666667,2,1.0,484.8666666666667,473.2,11.666666666666668,-484.8666666666667,1.1666666666666667,2,1.0,108.5,106.16666666666667,2.3333333333333335,-108.5,1.1666666666666667,2,1.0,108.5,106.16666666666667,2.3333333333333335,-108.5,1.1666666666666667,2,1.0
62,175,13000000000,2,5,100,0.004,0.001,0.1,9100,27300,108.5,106.16666666666667,2.3333333333333335,95.66666666666669,1.1666666666666667,2,1.0,108.5,106.16666666666667,2.3333333333333335,95.66666666666669,1.1666666666666667,2,1.0,484.8666666666667,473.2,11.666666666666668,-280.7,1.1666666666666667,2,1.0,108.5,106.16666666666667,2.3333333333333335,95.66666666666669,1.1666666666666667,2,1.0,108.5,106.16666666666667,2.3333333333333335,95.66666666666669,1.1666666666666667,2,1.0
66,50,13000000000,2,5,100,0.004,0.001,0.1,9100,31200,108.5,106.16666666666667,2.3333333333333335,-50.166666666666664,1.1666666666666667,2,1.0,108.5,106.16666666666667,2.3333333333333335,-50.166666666666664,1.1666666666666667,2,1.0,484.8666666666667,473.2,11.666666666666668,-426.53333333333336,1.1666666666666667,2,1.0,108.5,106.16666666666667,2.3333333333333335,-50.166666666666664,1.1666666666666667,2,1.0,108.5,106.16666666666667,2.3333333333333335,-50.166666666666664,1.1666666666666667,2,1.0
65,25,13000000000,2,5,100,0.004,0.001,0.1,9100,31200,108.5,106.16666666666667,2.3333333333333335,-79.33333333333333,1.1666666666666667,2,1.0,108.5,106.16666666666667,2.3333333333333335,-79.33333333333333,1.1666666666666667,2,1.0,484.8666666666667,473.2,11.666666666666668,-455.7,1.1666666666666667,2,1.0,108.5,106.16666666666667,2.3333333333333335,-79.33333333333333,1.1666666666666667,2,1.0,108.5,106.16666666666667,2.3333333333333335,-79.33333333333333,1.1666666666666667,2,1.0
68,100,13000000000,2,5,100,0.004,0.001,0.1,9100,31200,108.5,106.16666666666667,2.3333333333333335,8.166666666666671,1.1666666666666667,2,1.0,108.5,106.16666666666667,2.3333333333333335,8.166666666666671,1.1666666666666667,2,1.0,484.8666666666667,473.2,11.666666666666668,-368.2,1.1666666666666667,2,1.0,108.5,106.16666666666667,2.3333333333333335,8.166666666666671,1.1666666666666667,2,1.0,108.5,106.16666666666667,2.3333333333333335,8.166666666666671,1.1666666666666667,2,1.0
67,75,13000000000,2,5,100,0.004,0.001,0.1,9100,31200,108.5,106.16666666666667,2.3333333333333335,-21.0,1.1666666666666667,2,1.0,108.5,106.16666666666667,2.3333333333333335,-21.0,1.1666666666666667,2,1.0,484.8666666666667,473.2,11.666666666666668,-397.3666666666667,1.1666666666666667,2,1.0,108.5,106.16666666666667,2.3333333333333335,-21.0,1.1666666666666667,2,1.0,108.5,106.16666666666667,2.3333333333333335,-21.0,1.1666666666666667,2,1.0
71,175,13000000000,2,5,100,0.004,0.001,0.1,9100,31200,108.5,106.16666666666667,2.3333333333333335,95.66666666666669,1.1666666666666667,2,1.0,108.5,106.16666666666667,2.3333333333333335,95.66666666666669,1.1666666666666667,2,1.0,484.8666666666667,473.2,11.666666666666668,-280.7,1.1666666666666667,2,1.0,108.5,106.16666666666667,2.3333333333333335,95.66666666666669,1.1666666666666667,2,1.0,108.5,106.16666666666667,2.3333333333333335,95.66666666666669,1.1666666666666667,2,1.0
70,150,13000000000,2,5,100,0.004,0.001,0.1,9100,31200,108.5,106.16666666666667,2.3333333333333335,66.5,1.1666666666666667,2,1.0,108.5,106.16666666666667,2.3333333333333335,66.5,1.1666666666666667,2,1.0,484.8666666666667,473.2,11.666666666666668,-309.8666666666667,1.1666666666666667,2,1.0,108.5,106.16666666666667,2.3333333333333335,66.5,1.1666666666666667,2,1.0,108.5,106.16666666666667,2.3333333333333335,66.5,1.1666666666666667,2,1.0
69,125,13000000000,2,5,100,0.004,0.001,0.1,9100,31200,108.5,106.16666666666667,2.3333333333333335,37.33333333333334,1.1666666666666667,2,1.0,108.5,106.16666666666667,2.3333333333333335,37.33333333333334,1.1666666666666667,2,1.0,484.8666666666667,473.2,11.666666666666668,-339.0333333333333,1.1666666666666667,2,1.0,108.5,106.16666666666667,2.3333333333333335,37.33333333333334,1.1666666666666667,2,1.0,108.5,106.16666666666667,2.3333333333333335,37.33333333333334,1.1666666666666667,2,1.0
72,200,13000000000,2,5,100,0.004,0.001,0.1,9100,31200,108.5,106.16666666666667,2.3333333333333335,124.83333333333334,1.1666666666666667,2,1.0,108.5,106.16666666666667,2.3333333333333335,124.83333333333334,1.1666666666666667,2,1.0,484.8666666666667,473.2,11.666666666666668,-251.53333333333333,1.1666666666666667,2,1.0,108.5,106.16666666666667,2.3333333333333335,124.83333333333334,1.1666666666666667,2,1.0,108.5,106.16666666666667,2.3333333333333335,124.83333333333334,1.1666666666666667,2,1.0
74,25,13000000000,2,5,100,0.004,0.001,0.1,9100,35100,108.5,106.16666666666667,2.3333333333333335,-79.33333333333333,1.1666666666666667,2,1.0,108.5,106.16666666666667,2.3333333333333335,-79.33333333333333,1.1666666666666667,2,1.0,484.8666666666667,473.2,11.666666666666668,-455.7,1.1666666666666667,2,1.0,108.5,106.16666666666667,2.3333333333333335,-79.33333333333333,1.1666666666666667,2,1.0,108.5,106.16666666666667,2.3333333333333335,-79.33333333333333,1.1666666666666667,2,1.0
73,0,13000000000,2,5,100,0.004,0.001,0.1,9100,35100,108.5,106.16666666666667,2.3333333333333335,-108.5,1.1666666666666667,2,1.0,108.5,106.16666666666667,2.3333333333333335,-108.5,1.1666666666666667,2,1.0,484.8666666666667,473.2,11.666666666666668,-484.8666666666667,1.1666666666666667,2,1.0,108.5,106.16666666666667,2.3333333333333335,-108.5,1.1666666666666667,2,1.0,108.5,106.16666666666667,2.3333333333333335,-108.5,1.1666666666666667,2,1.0
75,50,13000000000,2,5,100,0.004,0.001,0.1,9100,35100,108.5,106.16666666666667,2.3333333333333335,-50.166666666666664,1.1666666666666667,2,1.0,108.5,106.16666666666667,2.3333333333333335,-50.166666666666664,1.1666666666666667,2,1.0,484.8666666666667,473.2,11.666666666666668,-426.53333333333336,1.1666666666666667,2,1.0,108.5,106.16666666666667,2.3333333333333335,-50.166666666666664,1.1666666666666667,2,1.0,108.5,106.16666666666667,2.3333333333333335,-50.166666666666664,1.1666666666666667,2,1.0
76,75,13000000000,2,5,100,0.004,0.001,0.1,9100,35100,108.5,106.16666666666667,2.3333333333333335,-21.0,1.1666666666666667,2,1.0,108.5,106.16666666666667,2.3333333333333335,-21.0,1.1666666666666667,2,1.0,484.8666666666667,473.2,11.666666666666668,-397.3666666666667,1.1666666666666667,2,1.0,108.5,106.16666666666667,2.3333333333333335,-21.0,1.1666666666666667,2,1.0,108.5,106.16666666666667,2.3333333333333335,-21.0,1.1666666666666667,2,1.0
77,100,13000000000,2,5,100,0.004,0.001,0.1,9100,35100,108.5,106.16666666666667,2.3333333333333335,8.166666666666671,1.1666666666666667,2,1.0,108.5,106.16666666666667,2.3333333333333335,8.166666666666671,1.1666666666666667,2,1.0,484.8666666666667,473.2,11.666666666666668,-368.2,1.1666666666666667,2,1.0,108.5,106.16666666666667,2.3333333333333335,8.166666666666671,1.1666666666666667,2,1.0,108.5,106.16666666666667,2.3333333333333335,8.166666666666671,1.1666666666666667,2,1.0
79,150,13000000000,2,5,100,0.004,0.001,0.1,9100,35100,108.5,106.16666666666667,2.3333333333333335,66.5,1.1666666666666667,2,1.0,108.5,106.16666666666667,2.3333333333333335,66.5,1.1666666666666667,2,1.0,484.8666666666667,473.2,11.666666666666668,-309.8666666666667,1.1666666666666667,2,1.0,108.5,106.16666666666667,2.3333333333333335,66.5,1.1666666666666667,2,1.0,108.5,106.16666666666667,2.3333333333333335,66.5,1.1666666666666667,2,1.0
78,125,13000000000,2,5,100,0.004,0.001,0.1,9100,35100,108.5,106.16666666666667,2.3333333333333335,37.33333333333334,1.1666666666666667,2,1.0,108.5,106.16666666666667,2.3333333333333335,37.33333333333334,1.1666666666666667,2,1.0,484.8666666666667,473.2,11.666666666666668,-339.0333333333333,1.1666666666666667,2,1.0,108.5,106.16666666666667,2.3333333333333335,37.33333333333334,1.1666666666666667,2,1.0,108.5,106.16666666666667,2.3333333333333335,37.33333333333334,1.1666666666666667,2,1.0
80,175,13000000000,2,5,100,0.004,0.001,0.1,9100,35100,108.5,106.16666666666667,2.3333333333333335,95.66666666666669,1.1666666666666667,2,1.0,108.5,106.16666666666667,2.3333333333333335,95.66666666666669,1.1666666666666667,2,1.0,484.8666666666667,473.2,11.666666666666668,-280.7,1.1666666666666667,2,1.0,108.5,106.16666666666667,2.3333333333333335,95.66666666666669,1.1666666666666667,2,1.0,108.5,106.16666666666667,2.3333333333333335,95.66666666666669,1.1666666666666667,2,1.0
81,200,13000000000,2,5,100,0.004,0.001,0.1,9100,35100,108.5,106.16666666666667,2.3333333333333335,124.83333333333334,1.1666666666666667,2,1.0,108.5,106.16666666666667,2.3333333333333335,124.83333333333334,1.1666666666666667,2,1.0,484.8666666666667,473.2,11.666666666666668,-251.53333333333333,1.1666666666666667,2,1.0,108.5,106.16666666666667,2.3333333333333335,124.83333333333334,1.1666666666666667,2,1.0,108.5,106.16666666666667,2.3333333333333335,124.83333333333334,1.1666666666666667,2,1.0
84,50,13000000000,2,5,100,0.004,0.001,0.1,9100,39000,108.5,106.16666666666667,2.3333333333333335,-50.166666666666664,1.1666666666666667,2,1.0,108.5,106.16666666666667,2.3333333333333335,-50.166666666666664,1.1666666666666667,2,1.0,484.8666666666667,473.2,11.666666666666668,-426.53333333333336,1.1666666666666667,2,1.0,108.5,106.16666666666667,2.3333333333333335,-50.166666666666664,1.1666666666666667,2,1.0,108.5,106.16666666666667,2.3333333333333335,-50.166666666666664,1.1666666666666667,2,1.0
82,0,13000000000,2,5,100,0.004,0.001,0.1,9100,39000,108.5,106.16666666666667,2.3333333333333335,-108.5,1.1666666666666667,2,1.0,108.5,106.16666666666667,2.3333333333333335,-108.5,1.1666666666666667,2,1.0,484.8666666666667,473.2,11.666666666666668,-484.8666666666667,1.1666666666666667,2,1.0,108.5,106.16666666666667,2.3333333333333335,-108.5,1.1666666666666667,2,1.0,108.5,106.16666666666667,2.3333333333333335,-108.5,1.1666666666666667,2,1.0
83,25,13000000000,2,5,100,0.004,0.001,0.1,9100,39000,108.5,106.16666666666667,2.3333333333333335,-79.33333333333333,1.1666666666666667,2,1.0,108.5,106.16666666666667,2.3333333333333335,-79.33333333333333,1.1666666666666667,2,1.0,484.8666666666667,473.2,11.666666666666668,-455.7,1.1666666666666667,2,1.0,108.5,106.16666666666667,2.3333333333333335,-79.33333333333333,1.1666666666666667,2,1.0,108.5,106.16666666666667,2.3333333333333335,-79.33333333333333,1.1666666666666667,2,1.0
85,75,13000000000,2,5,100,0.004,0.001,0.1,9100,39000,108.5,106.16666666666667,2.3333333333333335,-21.0,1.1666666666666667,2,1.0,108.5,106.16666666666667,2.3333333333333335,-21.0,1.1666666666666667,2,1.0,484.8666666666667,473.2,11.666666666666668,-397.3666666666667,1.1666666666666667,2,1.0,108.5,106.16666666666667,2.3333333333333335,-21.0,1.1666666666666667,2,1.0,108.5,106.16666666666667,2.3333333333333335,-21.0,1.1666666666666667,2,1.0
86,100,13000000000,2,5,100,0.004,0.001,0.1,9100,39000,108.5,106.16666666666667,2.3333333333333335,8.166666666666671,1.1666666666666667,2,1.0,108.5,106.16666666666667,2.3333333333333335,8.166666666666671,1.1666666666666667,2,1.0,484.8666666666667,473.2,11.666666666666668,-368.2,1.1666666666666667,2,1.0,108.5,106.16666666666667,2.3333333333333335,8.166666666666671,1.1666666666666667,2,1.0,108.5,106.16666666666667,2.3333333333333335,8.166666666666671,1.1666666666666667,2,1.0
87,125,13000000000,2,5,100,0.004,0.001,0.1,9100,39000,108.5,106.16666666666667,2.3333333333333335,37.33333333333334,1.1666666666666667,2,1.0,108.5,106.16666666666667,2.3333333333333335,37.33333333333334,1.1666666666666667,2,1.0,484.8666666666667,473.2,11.666666666666668,-339.0333333333333,1.1666666666666667,2,1.0,108.5,106.16666666666667,2.3333333333333335,37.33333333333334,1.1666666666666667,2,1.0,108.5,106.16666666666667,2.3333333333333335,37.33333333333334,1.1666666666666667,2,1.0
88,150,13000000000,2,5,100,0.004,0.001,0.1,9100,39000,108.5,106.16666666666667,2.3333333333333335,66.5,1.1666666666666667,2,1.0,108.5,106.16666666666667,2.3333333333333335,66.5,1.1666666666666667,2,1.0,484.8666666666667,473.2,11.666666666666668,-309.8666666666667,1.1666666666666667,2,1.0,108.5,106.16666666666667,2.3333333333333335,66.5,1.1666666666666667,2,1.0,108.5,106.16666666666667,2.3333333333333335,66.5,1.1666666666666667,2,1.0
89,175,13000000000,2,5,100,0.004,0.001,0.1,9100,39000,108.5,106.16666666666667,2.3333333333333335,95.66666666666669,1.1666666666666667,2,1.0,108.5,106.16666666666667,2.3333333333333335,95.66666666666669,1.1666666666666667,2,1.0,484.8666666666667,473.2,11.666666666666668,-280.7,1.1666666666666667,2,1.0,108.5,106.16666666666667,2.3333333333333335,95.66666666666669,1.1666666666666667,2,1.0,108.5,106.16666666666667,2.3333333333333335,95.66666666666669,1.1666666666666667,2,1.0
92,25,13000000000,2,5,100,0.004,0.001,0.1,10400,23400,93.0,91.0,2.0,-68.0,1.0,2,1.0,93.0,91.0,2.0,-68.0,1.0,2,1.0,415.6,405.6,10.0,-390.6,1.0,2,1.0,93.0,91.0,2.0,-68.0,1.0,2,1.0,93.0,91.0,2.0,-68.0,1.0,2,1.0
90,200,13000000000,2,5,100,0.004,0.001,0.1,9100,39000,108.5,106.16666666666667,2.3333333333333335,124.83333333333334,1.1666666666666667,2,1.0,108.5,106.16666666666667,2.3333333333333335,124.83333333333334,1.1666666666666667,2,1.0,484.8666666666667,473.2,11.666666666666668,-251.53333333333333,1.1666666666666667,2,1.0,108.5,106.16666666666667,2.3333333333333335,124.83333333333334,1.1666666666666667,2,1.0,108.5,106.16666666666667,2.3333333333333335,124.83333333333334,1.1666666666666667,2,1.0
93,50,13000000000,2,5,100,0.004,0.001,0.1,10400,23400,93.0,91.0,2.0,-43.0,1.0,2,1.0,93.0,91.0,2.0,-43.0,1.0,2,1.0,415.6,405.6,10.0,-365.6,1.0,2,1.0,93.0,91.0,2.0,-43.0,1.0,2,1.0,93.0,91.0,2.0,-43.0,1.0,2,1.0
91,0,13000000000,2,5,100,0.004,0.001,0.1,10400,23400,93.0,91.0,2.0,-93.0,1.0,2,1.0,93.0,91.0,2.0,-93.0,1.0,2,1.0,415.6,405.6,10.0,-415.6,1.0,2,1.0,93.0,91.0,2.0,-93.0,1.0,2,1.0,93.0,91.0,2.0,-93.0,1.0,2,1.0
94,75,13000000000,2,5,100,0.004,0.001,0.1,10400,23400,93.0,91.0,2.0,-18.0,1.0,2,1.0,93.0,91.0,2.0,-18.0,1.0,2,1.0,415.6,405.6,10.0,-340.6,1.0,2,1.0,93.0,91.0,2.0,-18.0,1.0,2,1.0,93.0,91.0,2.0,-18.0,1.0,2,1.0
96,125,13000000000,2,5,100,0.004,0.001,0.1,10400,23400,93.0,91.0,2.0,32.0,1.0,2,1.0,93.0,91.0,2.0,32.0,1.0,2,1.0,415.6,405.6,10.0,-290.6,1.0,2,1.0,93.0,91.0,2.0,32.0,1.0,2,1.0,93.0,91.0,2.0,32.0,1.0,2,1.0
95,100,13000000000,2,5,100,0.004,0.001,0.1,10400,23400,93.0,91.0,2.0,7.0,1.0,2,1.0,93.0,91.0,2.0,7.0,1.0,2,1.0,415.6,405.6,10.0,-315.6,1.0,2,1.0,93.0,91.0,2.0,7.0,1.0,2,1.0,93.0,91.0,2.0,7.0,1.0,2,1.0
97,150,13000000000,2,5,100,0.004,0.001,0.1,10400,23400,93.0,91.0,2.0,57.0,1.0,2,1.0,93.0,91.0,2.0,57.0,1.0,2,1.0,415.6,405.6,10.0,-265.6,1.0,2,1.0,93.0,91.0,2.0,57.0,1.0,2,1.0,93.0,91.0,2.0,57.0,1.0,2,1.0
98,175,13000000000,2,5,100,0.004,0.001,0.1,10400,23400,93.0,91.0,2.0,82.0,1.0,2,1.0,93.0,91.0,2.0,82.0,1.0,2,1.0,415.6,405.6,10.0,-240.60000000000002,1.0,2,1.0,93.0,91.0,2.0,82.0,1.0,2,1.0,93.0,91.0,2.0,82.0,1.0,2,1.0
101,25,13000000000,2,5,100,0.004,0.001,0.1,10400,27300,108.5,106.16666666666667,2.3333333333333335,-79.33333333333333,1.1666666666666667,2,1.0,108.5,106.16666666666667,2.3333333333333335,-79.33333333333333,1.1666666666666667,2,1.0,484.8666666666667,473.2,11.666666666666668,-455.7,1.1666666666666667,2,1.0,108.5,106.16666666666667,2.3333333333333335,-79.33333333333333,1.1666666666666667,2,1.0,108.5,106.16666666666667,2.3333333333333335,-79.33333333333333,1.1666666666666667,2,1.0
100,0,13000000000,2,5,100,0.004,0.001,0.1,10400,27300,108.5,106.16666666666667,2.3333333333333335,-108.5,1.1666666666666667,2,1.0,108.5,106.16666666666667,2.3333333333333335,-108.5,1.1666666666666667,2,1.0,484.8666666666667,473.2,11.666666666666668,-484.8666666666667,1.1666666666666667,2,1.0,108.5,106.16666666666667,2.3333333333333335,-108.5,1.1666666666666667,2,1.0,108.5,106.16666666666667,2.3333333333333335,-108.5,1.1666666666666667,2,1.0
99,200,13000000000,2,5,100,0.004,0.001,0.1,10400,23400,93.0,91.0,2.0,107.0,1.0,2,1.0,93.0,91.0,2.0,107.0,1.0,2,1.0,415.6,405.6,10.0,-215.60000000000002,1.0,2,1.0,93.0,91.0,2.0,107.0,1.0,2,1.0,93.0,91.0,2.0,107.0,1.0,2,1.0
104,100,13000000000,2,5,100,0.004,0.001,0.1,10400,27300,108.5,106.16666666666667,2.3333333333333335,8.166666666666671,1.1666666666666667,2,1.0,108.5,106.16666666666667,2.3333333333333335,8.166666666666671,1.1666666666666667,2,1.0,484.8666666666667,473.2,11.666666666666668,-368.2,1.1666666666666667,2,1.0,108.5,106.16666666666667,2.3333333333333335,8.166666666666671,1.1666666666666667,2,1.0,108.5,106.16666666666667,2.3333333333333335,8.166666666666671,1.1666666666666667,2,1.0
102,50,13000000000,2,5,100,0.004,0.001,0.1,10400,27300,108.5,106.16666666666667,2.3333333333333335,-50.166666666666664,1.1666666666666667,2,1.0,108.5,106.16666666666667,2.3333333333333335,-50.166666666666664,1.1666666666666667,2,1.0,484.8666666666667,473.2,11.666666666666668,-426.53333333333336,1.1666666666666667,2,1.0,108.5,106.16666666666667,2.3333333333333335,-50.166666666666664,1.1666666666666667,2,1.0,108.5,106.16666666666667,2.3333333333333335,-50.166666666666664,1.1666666666666667,2,1.0
103,75,13000000000,2,5,100,0.004,0.001,0.1,10400,27300,108.5,106.16666666666667,2.3333333333333335,-21.0,1.1666666666666667,2,1.0,108.5,106.16666666666667,2.3333333333333335,-21.0,1.1666666666666667,2,1.0,484.8666666666667,473.2,11.666666666666668,-397.3666666666667,1.1666666666666667,2,1.0,108.5,106.16666666666667,2.3333333333333335,-21.0,1.1666666666666667,2,1.0,108.5,106.16666666666667,2.3333333333333335,-21.0,1.1666666666666667,2,1.0
105,125,13000000000,2,5,100,0.004,0.001,0.1,10400,27300,108.5,106.16666666666667,2.3333333333333335,37.33333333333334,1.1666666666666667,2,1.0,108.5,106.16666666666667,2.3333333333333335,37.33333333333334,1.1666666666666667,2,1.0,484.8666666666667,473.2,11.666666666666668,-339.0333333333333,1.1666666666666667,2,1.0,108.5,106.16666666666667,2.3333333333333335,37.33333333333334,1.1666666666666667,2,1.0,108.5,106.16666666666667,2.3333333333333335,37.33333333333334,1.1666666666666667,2,1.0
107,175,13000000000,2,5,100,0.004,0.001,0.1,10400,27300,108.5,106.16666666666667,2.3333333333333335,95.66666666666669,1.1666666666666667,2,1.0,108.5,106.16666666666667,2.3333333333333335,95.66666666666669,1.1666666666666667,2,1.0,484.8666666666667,473.2,11.666666666666668,-280.7,1.1666666666666667,2,1.0,108.5,106.16666666666667,2.3333333333333335,95.66666666666669,1.1666666666666667,2,1.0,108.5,106.16666666666667,2.3333333333333335,95.66666666666669,1.1666666666666667,2,1.0
106,150,13000000000,2,5,100,0.004,0.001,0.1,10400,27300,108.5,106.16666666666667,2.3333333333333335,66.5,1.1666666666666667,2,1.0,108.5,106.16666666666667,2.3333333333333335,66.5,1.1666666666666667,2,1.0,484.8666666666667,473.2,11.666666666666668,-309.8666666666667,1.1666666666666667,2,1.0,108.5,106.16666666666667,2.3333333333333335,66.5,1.1666666666666667,2,1.0,108.5,106.16666666666667,2.3333333333333335,66.5,1.1666666666666667,2,1.0
108,200,13000000000,2,5,100,0.004,0.001,0.1,10400,27300,108.5,106.16666666666667,2.3333333333333335,124.83333333333334,1.1666666666666667,2,1.0,108.5,106.16666666666667,2.3333333333333335,124.83333333333334,1.1666666666666667,2,1.0,484.8666666666667,473.2,11.666666666666668,-251.53333333333333,1.1666666666666667,2,1.0,108.5,106.16666666666667,2.3333333333333335,124.83333333333334,1.1666666666666667,2,1.0,108.5,106.16666666666667,2.3333333333333335,124.83333333333334,1.1666666666666667,2,1.0
111,50,13000000000,2,5,100,0.004,0.001,0.1,10400,31200,124.0,121.33333333333333,2.6666666666666665,-57.33333333333334,1.3333333333333333,2,1.0,124.0,121.33333333333333,2.6666666666666665,-57.33333333333334,1.3333333333333333,2,1.0,554.1333333333333,540.8,13.333333333333332,-487.4666666666667,1.3333333333333333,2,1.0,124.0,121.33333333333333,2.6666666666666665,-57.33333333333334,1.3333333333333333,2,1.0,124.0,121.33333333333333,2.6666666666666665,-57.33333333333334,1.3333333333333333,2,1.0
110,25,13000000000,2,5,100,0.004,0.001,0.1,10400,31200,124.0,121.33333333333333,2.6666666666666665,-90.66666666666667,1.3333333333333333,2,1.0,124.0,121.33333333333333,2.6666666666666665,-90.66666666666667,1.3333333333333333,2,1.0,554.1333333333333,540.8,13.333333333333332,-520.8,1.3333333333333333,2,1.0,124.0,121.33333333333333,2.6666666666666665,-90.66666666666667,1.3333333333333333,2,1.0,124.0,121.33333333333333,2.6666666666666665,-90.66666666666667,1.3333333333333333,2,1.0
112,75,13000000000,2,5,100,0.004,0.001,0.1,10400,31200,124.0,121.33333333333333,2.6666666666666665,-24.0,1.3333333333333333,2,1.0,124.0,121.33333333333333,2.6666666666666665,-24.0,1.3333333333333333,2,1.0,554.1333333333333,540.8,13.333333333333332,-454.1333333333333,1.3333333333333333,2,1.0,124.0,121.33333333333333,2.6666666666666665,-24.0,1.3333333333333333,2,1.0,124.0,121.33333333333333,2.6666666666666665,-24.0,1.3333333333333333,2,1.0
109,0,13000000000,2,5,100,0.004,0.001,0.1,10400,31200,124.0,121.33333333333333,2.6666666666666665,-124.0,1.3333333333333333,2,1.0,124.0,121.33333333333333,2.6666666666666665,-124.0,1.3333333333333333,2,1.0,554.1333333333333,540.8,13.333333333333332,-554.1333333333333,1.3333333333333333,2,1.0,124.0,121.33333333333333,2.6666666666666665,-124.0,1.3333333333333333,2,1.0,124.0,121.33333333333333,2.6666666666666665,-124.0,1.3333333333333333,2,1.0
113,100,13000000000,2,5,100,0.004,0.001,0.1,10400,31200,124.0,121.33333333333333,2.6666666666666665,9.333333333333314,1.3333333333333333,2,1.0,124.0,121.33333333333333,2.6666666666666665,9.333333333333314,1.3333333333333333,2,1.0,554.1333333333333,540.8,13.333333333333332,-420.8,1.3333333333333333,2,1.0,124.0,121.33333333333333,2.6666666666666665,9.333333333333314,1.3333333333333333,2,1.0,124.0,121.33333333333333,2.6666666666666665,9.333333333333314,1.3333333333333333,2,1.0
114,125,13000000000,2,5,100,0.004,0.001,0.1,10400,31200,124.0,121.33333333333333,2.6666666666666665,42.66666666666666,1.3333333333333333,2,1.0,124.0,121.33333333333333,2.6666666666666665,42.66666666666666,1.3333333333333333,2,1.0,554.1333333333333,540.8,13.333333333333332,-387.4666666666667,1.3333333333333333,2,1.0,124.0,121.33333333333333,2.6666666666666665,42.66666666666666,1.3333333333333333,2,1.0,124.0,121.33333333333333,2.6666666666666665,42.66666666666666,1.3333333333333333,2,1.0
115,150,13000000000,2,5,100,0.004,0.001,0.1,10400,31200,124.0,121.33333333333333,2.6666666666666665,76.0,1.3333333333333333,2,1.0,124.0,121.33333333333333,2.6666666666666665,76.0,1.3333333333333333,2,1.0,554.1333333333333,540.8,13.333333333333332,-354.1333333333333,1.3333333333333333,2,1.0,124.0,121.33333333333333,2.6666666666666665,76.0,1.3333333333333333,2,1.0,124.0,121.33333333333333,2.6666666666666665,76.0,1.3333333333333333,2,1.0
116,175,13000000000,2,5,100,0.004,0.001,0.1,10400,31200,124.0,121.33333333333333,2.6666666666666665,109.33333333333331,1.3333333333333333,2,1.0,124.0,121.33333333333333,2.6666666666666665,109.33333333333331,1.3333333333333333,2,1.0,554.1333333333333,540.8,13.333333333333332,-320.8,1.3333333333333333,2,1.0,124.0,121.33333333333333,2.6666666666666665,109.33333333333331,1.3333333333333333,2,1.0,124.0,121.33333333333333,2.6666666666666665,109.33333333333331,1.3333333333333333,2,1.0
117,200,13000000000,2,5,100,0.004,0.001,0.1,10400,31200,124.0,121.33333333333333,2.6666666666666665,142.66666666666663,1.3333333333333333,2,1.0,124.0,121.33333333333333,2.6666666666666665,142.66666666666663,1.3333333333333333,2,1.0,554.1333333333333,540.8,13.333333333333332,-287.4666666666667,1.3333333333333333,2,1.0,124.0,121.33333333333333,2.6666666666666665,142.66666666666663,1.3333333333333333,2,1.0,124.0,121.33333333333333,2.6666666666666665,142.66666666666663,1.3333333333333333,2,1.0
119,25,13000000000,2,5,100,0.004,0.001,0.1,10400,35100,124.0,121.33333333333333,2.6666666666666665,-90.66666666666667,1.3333333333333333,2,1.0,124.0,121.33333333333333,2.6666666666666665,-90.66666666666667,1.3333333333333333,2,1.0,554.1333333333333,540.8,13.333333333333332,-520.8,1.3333333333333333,2,1.0,124.0,121.33333333333333,2.6666666666666665,-90.66666666666667,1.3333333333333333,2,1.0,124.0,121.33333333333333,2.6666666666666665,-90.66666666666667,1.3333333333333333,2,1.0
118,0,13000000000,2,5,100,0.004,0.001,0.1,10400,35100,124.0,121.33333333333333,2.6666666666666665,-124.0,1.3333333333333333,2,1.0,124.0,121.33333333333333,2.6666666666666665,-124.0,1.3333333333333333,2,1.0,554.1333333333333,540.8,13.333333333333332,-554.1333333333333,1.3333333333333333,2,1.0,124.0,121.33333333333333,2.6666666666666665,-124.0,1.3333333333333333,2,1.0,124.0,121.33333333333333,2.6666666666666665,-124.0,1.3333333333333333,2,1.0
121,75,13000000000,2,5,100,0.004,0.001,0.1,10400,35100,124.0,121.33333333333333,2.6666666666666665,-24.0,1.3333333333333333,2,1.0,124.0,121.33333333333333,2.6666666666666665,-24.0,1.3333333333333333,2,1.0,554.1333333333333,540.8,13.333333333333332,-454.1333333333333,1.3333333333333333,2,1.0,124.0,121.33333333333333,2.6666666666666665,-24.0,1.3333333333333333,2,1.0,124.0,121.33333333333333,2.6666666666666665,-24.0,1.3333333333333333,2,1.0
120,50,13000000000,2,5,100,0.004,0.001,0.1,10400,35100,124.0,121.33333333333333,2.6666666666666665,-57.33333333333334,1.3333333333333333,2,1.0,124.0,121.33333333333333,2.6666666666666665,-57.33333333333334,1.3333333333333333,2,1.0,554.1333333333333,540.8,13.333333333333332,-487.4666666666667,1.3333333333333333,2,1.0,124.0,121.33333333333333,2.6666666666666665,-57.33333333333334,1.3333333333333333,2,1.0,124.0,121.33333333333333,2.6666666666666665,-57.33333333333334,1.3333333333333333,2,1.0
122,100,13000000000,2,5,100,0.004,0.001,0.1,10400,35100,124.0,121.33333333333333,2.6666666666666665,9.333333333333314,1.3333333333333333,2,1.0,124.0,121.33333333333333,2.6666666666666665,9.333333333333314,1.3333333333333333,2,1.0,554.1333333333333,540.8,13.333333333333332,-420.8,1.3333333333333333,2,1.0,124.0,121.33333333333333,2.6666666666666665,9.333333333333314,1.3333333333333333,2,1.0,124.0,121.33333333333333,2.6666666666666665,9.333333333333314,1.3333333333333333,2,1.0
123,125,13000000000,2,5,100,0.004,0.001,0.1,10400,35100,124.0,121.33333333333333,2.6666666666666665,42.66666666666666,1.3333333333333333,2,1.0,124.0,121.33333333333333,2.6666666666666665,42.66666666666666,1.3333333333333333,2,1.0,554.1333333333333,540.8,13.333333333333332,-387.4666666666667,1.3333333333333333,2,1.0,124.0,121.33333333333333,2.6666666666666665,42.66666666666666,1.3333333333333333,2,1.0,124.0,121.33333333333333,2.6666666666666665,42.66666666666666,1.3333333333333333,2,1.0
124,150,13000000000,2,5,100,0.004,0.001,0.1,10400,35100,124.0,121.33333333333333,2.6666666666666665,76.0,1.3333333333333333,2,1.0,124.0,121.33333333333333,2.6666666666666665,76.0,1.3333333333333333,2,1.0,554.1333333333333,540.8,13.333333333333332,-354.1333333333333,1.3333333333333333,2,1.0,124.0,121.33333333333333,2.6666666666666665,76.0,1.3333333333333333,2,1.0,124.0,121.33333333333333,2.6666666666666665,76.0,1.3333333333333333,2,1.0
125,175,13000000000,2,5,100,0.004,0.001,0.1,10400,35100,124.0,121.33333333333333,2.6666666666666665,109.33333333333331,1.3333333333333333,2,1.0,124.0,121.33333333333333,2.6666666666666665,109.33333333333331,1.3333333333333333,2,1.0,554.1333333333333,540.8,13.333333333333332,-320.8,1.3333333333333333,2,1.0,124.0,121.33333333333333,2.6666666666666665,109.33333333333331,1.3333333333333333,2,1.0,124.0,121.33333333333333,2.6666666666666665,109.33333333333331,1.3333333333333333,2,1.0
126,200,13000000000,2,5,100,0.004,0.001,0.1,10400,35100,124.0,121.33333333333333,2.6666666666666665,142.66666666666663,1.3333333333333333,2,1.0,124.0,121.33333333333333,2.6666666666666665,142.66666666666663,1.3333333333333333,2,1.0,554.1333333333333,540.8,13.333333333333332,-287.4666666666667,1.3333333333333333,2,1.0,124.0,121.33333333333333,2.6666666666666665,142.66666666666663,1.3333333333333333,2,1.0,124.0,121.33333333333333,2.6666666666666665,142.66666666666663,1.3333333333333333,2,1.0
128,25,13000000000,2,5,100,0.004,0.001,0.1,10400,39000,124.0,121.33333333333333,2.6666666666666665,-90.66666666666667,1.3333333333333333,2,1.0,124.0,121.33333333333333,2.6666666666666665,-90.66666666666667,1.3333333333333333,2,1.0,554.1333333333333,540.8,13.333333333333332,-520.8,1.3333333333333333,2,1.0,124.0,121.33333333333333,2.6666666666666665,-90.66666666666667,1.3333333333333333,2,1.0,124.0,121.33333333333333,2.6666666666666665,-90.66666666666667,1.3333333333333333,2,1.0
127,0,13000000000,2,5,100,0.004,0.001,0.1,10400,39000,124.0,121.33333333333333,2.6666666666666665,-124.0,1.3333333333333333,2,1.0,124.0,121.33333333333333,2.6666666666666665,-124.0,1.3333333333333333,2,1.0,554.1333333333333,540.8,13.333333333333332,-554.1333333333333,1.3333333333333333,2,1.0,124.0,121.33333333333333,2.6666666666666665,-124.0,1.3333333333333333,2,1.0,124.0,121.33333333333333,2.6666666666666665,-124.0,1.3333333333333333,2,1.0
132,125,13000000000,2,5,100,0.004,0.001,0.1,10400,39000,124.0,121.33333333333333,2.6666666666666665,42.66666666666666,1.3333333333333333,2,1.0,124.0,121.33333333333333,2.6666666666666665,42.66666666666666,1.3333333333333333,2,1.0,554.1333333333333,540.8,13.333333333333332,-387.4666666666667,1.3333333333333333,2,1.0,124.0,121.33333333333333,2.6666666666666665,42.66666666666666,1.3333333333333333,2,1.0,124.0,121.33333333333333,2.6666666666666665,42.66666666666666,1.3333333333333333,2,1.0
129,50,13000000000,2,5,100,0.004,0.001,0.1,10400,39000,124.0,121.33333333333333,2.6666666666666665,-57.33333333333334,1.3333333333333333,2,1.0,124.0,121.33333333333333,2.6666666666666665,-57.33333333333334,1.3333333333333333,2,1.0,554.1333333333333,540.8,13.333333333333332,-487.4666666666667,1.3333333333333333,2,1.0,124.0,121.33333333333333,2.6666666666666665,-57.33333333333334,1.3333333333333333,2,1.0,124.0,121.33333333333333,2.6666666666666665,-57.33333333333334,1.3333333333333333,2,1.0
131,100,13000000000,2,5,100,0.004,0.001,0.1,10400,39000,124.0,121.33333333333333,2.6666666666666665,9.333333333333314,1.3333333333333333,2,1.0,124.0,121.33333333333333,2.6666666666666665,9.333333333333314,1.3333333333333333,2,1.0,554.1333333333333,540.8,13.333333333333332,-420.8,1.3333333333333333,2,1.0,124.0,121.33333333333333,2.6666666666666665,9.333333333333314,1.3333333333333333,2,1.0,124.0,121.33333333333333,2.6666666666666665,9.333333333333314,1.3333333333333333,2,1.0
130,75,13000000000,2,5,100,0.004,0.001,0.1,10400,39000,124.0,121.33333333333333,2.6666666666666665,-24.0,1.3333333333333333,2,1.0,124.0,121.33333333333333,2.6666666666666665,-24.0,1.3333333333333333,2,1.0,554.1333333333333,540.8,13.333333333333332,-454.1333333333333,1.3333333333333333,2,1.0,124.0,121.33333333333333,2.6666666666666665,-24.0,1.3333333333333333,2,1.0,124.0,121.33333333333333,2.6666666666666665,-24.0,1.3333333333333333,2,1.0
134,175,13000000000,2,5,100,0.004,0.001,0.1,10400,39000,124.0,121.33333333333333,2.6666666666666665,109.33333333333331,1.3333333333333333,2,1.0,124.0,121.33333333333333,2.6666666666666665,109.33333333333331,1.3333333333333333,2,1.0,554.1333333333333,540.8,13.333333333333332,-320.8,1.3333333333333333,2,1.0,124.0,121.33333333333333,2.6666666666666665,109.33333333333331,1.3333333333333333,2,1.0,124.0,121.33333333333333,2.6666666666666665,109.33333333333331,1.3333333333333333,2,1.0
133,150,13000000000,2,5,100,0.004,0.001,0.1,10400,39000,124.0,121.33333333333333,2.6666666666666665,76.0,1.3333333333333333,2,1.0,124.0,121.33333333333333,2.6666666666666665,76.0,1.3333333333333333,2,1.0,554.1333333333333,540.8,13.333333333333332,-354.1333333333333,1.3333333333333333,2,1.0,124.0,121.33333333333333,2.6666666666666665,76.0,1.3333333333333333,2,1.0,124.0,121.33333333333333,2.6666666666666665,76.0,1.3333333333333333,2,1.0
135,200,13000000000,2,5,100,0.004,0.001,0.1,10400,39000,124.0,121.33333333333333,2.6666666666666665,142.66666666666663,1.3333333333333333,2,1.0,124.0,121.33333333333333,2.6666666666666665,142.66666666666663,1.3333333333333333,2,1.0,554.1333333333333,540.8,13.333333333333332,-287.4666666666667,1.3333333333333333,2,1.0,124.0,121.33333333333333,2.6666666666666665,142.66666666666663,1.3333333333333333,2,1.0,124.0,121.33333333333333,2.6666666666666665,142.66666666666663,1.3333333333333333,2,1.0
136,0,13000000000,2,5,100,0.004,0.001,0.1,11700,23400,93.0,91.0,2.0,-93.0,1.0,2,1.0,93.0,91.0,2.0,-93.0,1.0,2,1.0,415.6,405.6,10.0,-415.6,1.0,2,1.0,93.0,91.0,2.0,-93.0,1.0,2,1.0,93.0,91.0,2.0,-93.0,1.0,2,1.0
137,25,13000000000,2,5,100,0.004,0.001,0.1,11700,23400,93.0,91.0,2.0,-68.0,1.0,2,1.0,93.0,91.0,2.0,-68.0,1.0,2,1.0,415.6,405.6,10.0,-390.6,1.0,2,1.0,93.0,91.0,2.0,-68.0,1.0,2,1.0,93.0,91.0,2.0,-68.0,1.0,2,1.0
138,50,13000000000,2,5,100,0.004,0.001,0.1,11700,23400,93.0,91.0,2.0,-43.0,1.0,2,1.0,93.0,91.0,2.0,-43.0,1.0,2,1.0,415.6,405.6,10.0,-365.6,1.0,2,1.0,93.0,91.0,2.0,-43.0,1.0,2,1.0,93.0,91.0,2.0,-43.0,1.0,2,1.0
139,75,13000000000,2,5,100,0.004,0.001,0.1,11700,23400,93.0,91.0,2.0,-18.0,1.0,2,1.0,93.0,91.0,2.0,-18.0,1.0,2,1.0,415.6,405.6,10.0,-340.6,1.0,2,1.0,93.0,91.0,2.0,-18.0,1.0,2,1.0,93.0,91.0,2.0,-18.0,1.0,2,1.0
140,100,13000000000,2,5,100,0.004,0.001,0.1,11700,23400,93.0,91.0,2.0,7.0,1.0,2,1.0,93.0,91.0,2.0,7.0,1.0,2,1.0,415.6,405.6,10.0,-315.6,1.0,2,1.0,93.0,91.0,2.0,7.0,1.0,2,1.0,93.0,91.0,2.0,7.0,1.0,2,1.0
141,125,13000000000,2,5,100,0.004,0.001,0.1,11700,23400,93.0,91.0,2.0,32.0,1.0,2,1.0,93.0,91.0,2.0,32.0,1.0,2,1.0,415.6,405.6,10.0,-290.6,1.0,2,1.0,93.0,91.0,2.0,32.0,1.0,2,1.0,93.0,91.0,2.0,32.0,1.0,2,1.0
142,150,13000000000,2,5,100,0.004,0.001,0.1,11700,23400,93.0,91.0,2.0,57.0,1.0,2,1.0,93.0,91.0,2.0,57.0,1.0,2,1.0,415.6,405.6,10.0,-265.6,1.0,2,1.0,93.0,91.0,2.0,57.0,1.0,2,1.0,93.0,91.0,2.0,57.0,1.0,2,1.0
143,175,13000000000,2,5,100,0.004,0.001,0.1,11700,23400,93.0,91.0,2.0,82.0,1.0,2,1.0,93.0,91.0,2.0,82.0,1.0,2,1.0,415.6,405.6,10.0,-240.60000000000002,1.0,2,1.0,93.0,91.0,2.0,82.0,1.0,2,1.0,93.0,91.0,2.0,82.0,1.0,2,1.0
146,25,13000000000,2,5,100,0.004,0.001,0.1,11700,27300,108.5,106.16666666666667,2.3333333333333335,-79.33333333333333,1.1666666666666667,2,1.0,108.5,106.16666666666667,2.3333333333333335,-79.33333333333333,1.1666666666666667,2,1.0,484.8666666666667,473.2,11.666666666666668,-455.7,1.1666666666666667,2,1.0,108.5,106.16666666666667,2.3333333333333335,-79.33333333333333,1.1666666666666667,2,1.0,108.5,106.16666666666667,2.3333333333333335,-79.33333333333333,1.1666666666666667,2,1.0
145,0,13000000000,2,5,100,0.004,0.001,0.1,11700,27300,108.5,106.16666666666667,2.3333333333333335,-108.5,1.1666666666666667,2,1.0,108.5,106.16666666666667,2.3333333333333335,-108.5,1.1666666666666667,2,1.0,484.8666666666667,473.2,11.666666666666668,-484.8666666666667,1.1666666666666667,2,1.0,108.5,106.16666666666667,2.3333333333333335,-108.5,1.1666666666666667,2,1.0,108.5,106.16666666666667,2.3333333333333335,-108.5,1.1666666666666667,2,1.0
144,200,13000000000,2,5,100,0.004,0.001,0.1,11700,23400,93.0,91.0,2.0,107.0,1.0,2,1.0,93.0,91.0,2.0,107.0,1.0,2,1.0,415.6,405.6,10.0,-215.60000000000002,1.0,2,1.0,93.0,91.0,2.0,107.0,1.0,2,1.0,93.0,91.0,2.0,107.0,1.0,2,1.0
147,50,13000000000,2,5,100,0.004,0.001,0.1,11700,27300,108.5,106.16666666666667,2.3333333333333335,-50.166666666666664,1.1666666666666667,2,1.0,108.5,106.16666666666667,2.3333333333333335,-50.166666666666664,1.1666666666666667,2,1.0,484.8666666666667,473.2,11.666666666666668,-426.53333333333336,1.1666666666666667,2,1.0,108.5,106.16666666666667,2.3333333333333335,-50.166666666666664,1.1666666666666667,2,1.0,108.5,106.16666666666667,2.3333333333333335,-50.166666666666664,1.1666666666666667,2,1.0
148,75,13000000000,2,5,100,0.004,0.001,0.1,11700,27300,108.5,106.16666666666667,2.3333333333333335,-21.0,1.1666666666666667,2,1.0,108.5,106.16666666666667,2.3333333333333335,-21.0,1.1666666666666667,2,1.0,484.8666666666667,473.2,11.666666666666668,-397.3666666666667,1.1666666666666667,2,1.0,108.5,106.16666666666667,2.3333333333333335,-21.0,1.1666666666666667,2,1.0,108.5,106.16666666666667,2.3333333333333335,-21.0,1.1666666666666667,2,1.0
151,150,13000000000,2,5,100,0.004,0.001,0.1,11700,27300,108.5,106.16666666666667,2.3333333333333335,66.5,1.1666666666666667,2,1.0,108.5,106.16666666666667,2.3333333333333335,66.5,1.1666666666666667,2,1.0,484.8666666666667,473.2,11.666666666666668,-309.8666666666667,1.1666666666666667,2,1.0,108.5,106.16666666666667,2.3333333333333335,66.5,1.1666666666666667,2,1.0,108.5,106.16666666666667,2.3333333333333335,66.5,1.1666666666666667,2,1.0
149,100,13000000000,2,5,100,0.004,0.001,0.1,11700,27300,108.5,106.16666666666667,2.3333333333333335,8.166666666666671,1.1666666666666667,2,1.0,108.5,106.16666666666667,2.3333333333333335,8.166666666666671,1.1666666666666667,2,1.0,484.8666666666667,473.2,11.666666666666668,-368.2,1.1666666666666667,2,1.0,108.5,106.16666666666667,2.3333333333333335,8.166666666666671,1.1666666666666667,2,1.0,108.5,106.16666666666667,2.3333333333333335,8.166666666666671,1.1666666666666667,2,1.0
152,175,13000000000,2,5,100,0.004,0.001,0.1,11700,27300,108.5,106.16666666666667,2.3333333333333335,95.66666666666669,1.1666666666666667,2,1.0,108.5,106.16666666666667,2.3333333333333335,95.66666666666669,1.1666666666666667,2,1.0,484.8666666666667,473.2,11.666666666666668,-280.7,1.1666666666666667,2,1.0,108.5,106.16666666666667,2.3333333333333335,95.66666666666669,1.1666666666666667,2,1.0,108.5,106.16666666666667,2.3333333333333335,95.66666666666669,1.1666666666666667,2,1.0
150,125,13000000000,2,5,100,0.004,0.001,0.1,11700,27300,108.5,106.16666666666667,2.3333333333333335,37.33333333333334,1.1666666666666667,2,1.0,108.5,106.16666666666667,2.3333333333333335,37.33333333333334,1.1666666666666667,2,1.0,484.8666666666667,473.2,11.666666666666668,-339.0333333333333,1.1666666666666667,2,1.0,108.5,106.16666666666667,2.3333333333333335,37.33333333333334,1.1666666666666667,2,1.0,108.5,106.16666666666667,2.3333333333333335,37.33333333333334,1.1666666666666667,2,1.0
154,0,13000000000,2,5,100,0.004,0.001,0.1,11700,31200,124.0,121.33333333333333,2.6666666666666665,-124.0,1.3333333333333333,2,1.0,124.0,121.33333333333333,2.6666666666666665,-124.0,1.3333333333333333,2,1.0,554.1333333333333,540.8,13.333333333333332,-554.1333333333333,1.3333333333333333,2,1.0,124.0,121.33333333333333,2.6666666666666665,-124.0,1.3333333333333333,2,1.0,124.0,121.33333333333333,2.6666666666666665,-124.0,1.3333333333333333,2,1.0
153,200,13000000000,2,5,100,0.004,0.001,0.1,11700,27300,108.5,106.16666666666667,2.3333333333333335,124.83333333333334,1.1666666666666667,2,1.0,108.5,106.16666666666667,2.3333333333333335,124.83333333333334,1.1666666666666667,2,1.0,484.8666666666667,473.2,11.666666666666668,-251.53333333333333,1.1666666666666667,2,1.0,108.5,106.16666666666667,2.3333333333333335,124.83333333333334,1.1666666666666667,2,1.0,108.5,106.16666666666667,2.3333333333333335,124.83333333333334,1.1666666666666667,2,1.0
155,25,13000000000,2,5,100,0.004,0.001,0.1,11700,31200,124.0,121.33333333333333,2.6666666666666665,-90.66666666666667,1.3333333333333333,2,1.0,124.0,121.33333333333333,2.6666666666666665,-90.66666666666667,1.3333333333333333,2,1.0,554.1333333333333,540.8,13.333333333333332,-520.8,1.3333333333333333,2,1.0,124.0,121.33333333333333,2.6666666666666665,-90.66666666666667,1.3333333333333333,2,1.0,124.0,121.33333333333333,2.6666666666666665,-90.66666666666667,1.3333333333333333,2,1.0
156,50,13000000000,2,5,100,0.004,0.001,0.1,11700,31200,124.0,121.33333333333333,2.6666666666666665,-57.33333333333334,1.3333333333333333,2,1.0,124.0,121.33333333333333,2.6666666666666665,-57.33333333333334,1.3333333333333333,2,1.0,554.1333333333333,540.8,13.333333333333332,-487.4666666666667,1.3333333333333333,2,1.0,124.0,121.33333333333333,2.6666666666666665,-57.33333333333334,1.3333333333333333,2,1.0,124.0,121.33333333333333,2.6666666666666665,-57.33333333333334,1.3333333333333333,2,1.0
157,75,13000000000,2,5,100,0.004,0.001,0.1,11700,31200,124.0,121.33333333333333,2.6666666666666665,-24.0,1.3333333333333333,2,1.0,124.0,121.33333333333333,2.6666666666666665,-24.0,1.3333333333333333,2,1.0,554.1333333333333,540.8,13.333333333333332,-454.1333333333333,1.3333333333333333,2,1.0,124.0,121.33333333333333,2.6666666666666665,-24.0,1.3333333333333333,2,1.0,124.0,121.33333333333333,2.6666666666666665,-24.0,1.3333333333333333,2,1.0
158,100,13000000000,2,5,100,0.004,0.001,0.1,11700,31200,124.0,121.33333333333333,2.6666666666666665,9.333333333333314,1.3333333333333333,2,1.0,124.0,121.33333333333333,2.6666666666666665,9.333333333333314,1.3333333333333333,2,1.0,554.1333333333333,540.8,13.333333333333332,-420.8,1.3333333333333333,2,1.0,124.0,121.33333333333333,2.6666666666666665,9.333333333333314,1.3333333333333333,2,1.0,124.0,121.33333333333333,2.6666666666666665,9.333333333333314,1.3333333333333333,2,1.0
159,125,13000000000,2,5,100,0.004,0.001,0.1,11700,31200,124.0,121.33333333333333,2.6666666666666665,42.66666666666666,1.3333333333333333,2,1.0,124.0,121.33333333333333,2.6666666666666665,42.66666666666666,1.3333333333333333,2,1.0,554.1333333333333,540.8,13.333333333333332,-387.4666666666667,1.3333333333333333,2,1.0,124.0,121.33333333333333,2.6666666666666665,42.66666666666666,1.3333333333333333,2,1.0,124.0,121.33333333333333,2.6666666666666665,42.66666666666666,1.3333333333333333,2,1.0
160,150,13000000000,2,5,100,0.004,0.001,0.1,11700,31200,124.0,121.33333333333333,2.6666666666666665,76.0,1.3333333333333333,2,1.0,124.0,121.33333333333333,2.6666666666666665,76.0,1.3333333333333333,2,1.0,554.1333333333333,540.8,13.333333333333332,-354.1333333333333,1.3333333333333333,2,1.0,124.0,121.33333333333333,2.6666666666666665,76.0,1.3333333333333333,2,1.0,124.0,121.33333333333333,2.6666666666666665,76.0,1.3333333333333333,2,1.0
161,175,13000000000,2,5,100,0.004,0.001,0.1,11700,31200,124.0,121.33333333333333,2.6666666666666665,109.33333333333331,1.3333333333333333,2,1.0,124.0,121.33333333333333,2.6666666666666665,109.33333333333331,1.3333333333333333,2,1.0,554.1333333333333,540.8,13.333333333333332,-320.8,1.3333333333333333,2,1.0,124.0,121.33333333333333,2.6666666666666665,109.33333333333331,1.3333333333333333,2,1.0,124.0,121.33333333333333,2.6666666666666665,109.33333333333331,1.3333333333333333,2,1.0
163,0,13000000000,2,5,100,0.004,0.001,0.1,11700,35100,139.5,136.5,3.0,-139.5,1.5,2,1.0,139.5,136.5,3.0,-139.5,1.5,2,1.0,623.4000000000001,608.4000000000001,15.0,-623.4000000000001,1.5,2,1.0,139.5,136.5,3.0,-139.5,1.5,2,1.0,139.5,136.5,3.0,-139.5,1.5,2,1.0
162,200,13000000000,2,5,100,0.004,0.001,0.1,11700,31200,124.0,121.33333333333333,2.6666666666666665,142.66666666666663,1.3333333333333333,2,1.0,124.0,121.33333333333333,2.6666666666666665,142.66666666666663,1.3333333333333333,2,1.0,554.1333333333333,540.8,13.333333333333332,-287.4666666666667,1.3333333333333333,2,1.0,124.0,121.33333333333333,2.6666666666666665,142.66666666666663,1.3333333333333333,2,1.0,124.0,121.33333333333333,2.6666666666666665,142.66666666666663,1.3333333333333333,2,1.0
165,50,13000000000,2,5,100,0.004,0.001,0.1,11700,35100,139.5,136.5,3.0,-64.5,1.5,2,1.0,139.5,136.5,3.0,-64.5,1.5,2,1.0,623.4000000000001,608.4000000000001,15.0,-548.4000000000001,1.5,2,1.0,139.5,136.5,3.0,-64.5,1.5,2,1.0,139.5,136.5,3.0,-64.5,1.5,2,1.0
164,25,13000000000,2,5,100,0.004,0.001,0.1,11700,35100,139.5,136.5,3.0,-102.0,1.5,2,1.0,139.5,136.5,3.0,-102.0,1.5,2,1.0,623.4000000000001,608.4000000000001,15.0,-585.9000000000001,1.5,2,1.0,139.5,136.5,3.0,-102.0,1.5,2,1.0,139.5,136.5,3.0,-102.0,1.5,2,1.0
167,100,13000000000,2,5,100,0.004,0.001,0.1,11700,35100,139.5,136.5,3.0,10.5,1.5,2,1.0,139.5,136.5,3.0,10.5,1.5,2,1.0,623.4000000000001,608.4000000000001,15.0,-473.4000000000001,1.5,2,1.0,139.5,136.5,3.0,10.5,1.5,2,1.0,139.5,136.5,3.0,10.5,1.5,2,1.0
166,75,13000000000,2,5,100,0.004,0.001,0.1,11700,35100,139.5,136.5,3.0,-27.0,1.5,2,1.0,139.5,136.5,3.0,-27.0,1.5,2,1.0,623.4000000000001,608.4000000000001,15.0,-510.9000000000001,1.5,2,1.0,139.5,136.5,3.0,-27.0,1.5,2,1.0,139.5,136.5,3.0,-27.0,1.5,2,1.0
169,150,13000000000,2,5,100,0.004,0.001,0.1,11700,35100,139.5,136.5,3.0,85.5,1.5,2,1.0,139.5,136.5,3.0,85.5,1.5,2,1.0,623.4000000000001,608.4000000000001,15.0,-398.4000000000001,1.5,2,1.0,139.5,136.5,3.0,85.5,1.5,2,1.0,139.5,136.5,3.0,85.5,1.5,2,1.0
168,125,13000000000,2,5,100,0.004,0.001,0.1,11700,35100,139.5,136.5,3.0,48.0,1.5,2,1.0,139.5,136.5,3.0,48.0,1.5,2,1.0,623.4000000000001,608.4000000000001,15.0,-435.9000000000001,1.5,2,1.0,139.5,136.5,3.0,48.0,1.5,2,1.0,139.5,136.5,3.0,48.0,1.5,2,1.0
171,200,13000000000,2,5,100,0.004,0.001,0.1,11700,35100,139.5,136.5,3.0,160.5,1.5,2,1.0,139.5,136.5,3.0,160.5,1.5,2,1.0,623.4000000000001,608.4000000000001,15.0,-323.4000000000001,1.5,2,1.0,139.5,136.5,3.0,160.5,1.5,2,1.0,139.5,136.5,3.0,160.5,1.5,2,1.0
175,75,13000000000,2,5,100,0.004,0.001,0.1,11700,39000,139.5,136.5,3.0,-27.0,1.5,2,1.0,139.5,136.5,3.0,-27.0,1.5,2,1.0,623.4000000000001,608.4000000000001,15.0,-510.9000000000001,1.5,2,1.0,139.5,136.5,3.0,-27.0,1.5,2,1.0,139.5,136.5,3.0,-27.0,1.5,2,1.0
170,175,13000000000,2,5,100,0.004,0.001,0.1,11700,35100,139.5,136.5,3.0,123.0,1.5,2,1.0,139.5,136.5,3.0,123.0,1.5,2,1.0,623.4000000000001,608.4000000000001,15.0,-360.9000000000001,1.5,2,1.0,139.5,136.5,3.0,123.0,1.5,2,1.0,139.5,136.5,3.0,123.0,1.5,2,1.0
172,0,13000000000,2,5,100,0.004,0.001,0.1,11700,39000,139.5,136.5,3.0,-139.5,1.5,2,1.0,139.5,136.5,3.0,-139.5,1.5,2,1.0,623.4000000000001,608.4000000000001,15.0,-623.4000000000001,1.5,2,1.0,139.5,136.5,3.0,-139.5,1.5,2,1.0,139.5,136.5,3.0,-139.5,1.5,2,1.0
173,25,13000000000,2,5,100,0.004,0.001,0.1,11700,39000,139.5,136.5,3.0,-102.0,1.5,2,1.0,139.5,136.5,3.0,-102.0,1.5,2,1.0,623.4000000000001,608.4000000000001,15.0,-585.9000000000001,1.5,2,1.0,139.5,136.5,3.0,-102.0,1.5,2,1.0,139.5,136.5,3.0,-102.0,1.5,2,1.0
174,50,13000000000,2,5,100,0.004,0.001,0.1,11700,39000,139.5,136.5,3.0,-64.5,1.5,2,1.0,139.5,136.5,3.0,-64.5,1.5,2,1.0,623.4000000000001,608.4000000000001,15.0,-548.4000000000001,1.5,2,1.0,139.5,136.5,3.0,-64.5,1.5,2,1.0,139.5,136.5,3.0,-64.5,1.5,2,1.0
176,100,13000000000,2,5,100,0.004,0.001,0.1,11700,39000,139.5,136.5,3.0,10.5,1.5,2,1.0,139.5,136.5,3.0,10.5,1.5,2,1.0,623.4000000000001,608.4000000000001,15.0,-473.4000000000001,1.5,2,1.0,139.5,136.5,3.0,10.5,1.5,2,1.0,139.5,136.5,3.0,10.5,1.5,2,1.0
177,125,13000000000,2,5,100,0.004,0.001,0.1,11700,39000,139.5,136.5,3.0,48.0,1.5,2,1.0,139.5,136.5,3.0,48.0,1.5,2,1.0,623.4000000000001,608.4000000000001,15.0,-435.9000000000001,1.5,2,1.0,139.5,136.5,3.0,48.0,1.5,2,1.0,139.5,136.5,3.0,48.0,1.5,2,1.0
178,150,13000000000,2,5,100,0.004,0.001,0.1,11700,39000,139.5,136.5,3.0,85.5,1.5,2,1.0,139.5,136.5,3.0,85.5,1.5,2,1.0,623.4000000000001,608.4000000000001,15.0,-398.4000000000001,1.5,2,1.0,139.5,136.5,3.0,85.5,1.5,2,1.0,139.5,136.5,3.0,85.5,1.5,2,1.0
180,200,13000000000,2,5,100,0.004,0.001,0.1,11700,39000,139.5,136.5,3.0,160.5,1.5,2,1.0,139.5,136.5,3.0,160.5,1.5,2,1.0,623.4000000000001,608.4000000000001,15.0,-323.4000000000001,1.5,2,1.0,139.5,136.5,3.0,160.5,1.5,2,1.0,139.5,136.5,3.0,160.5,1.5,2,1.0
179,175,13000000000,2,5,100,0.004,0.001,0.1,11700,39000,139.5,136.5,3.0,123.0,1.5,2,1.0,139.5,136.5,3.0,123.0,1.5,2,1.0,623.4000000000001,608.4000000000001,15.0,-360.9000000000001,1.5,2,1.0,139.5,136.5,3.0,123.0,1.5,2,1.0,139.5,136.5,3.0,123.0,1.5,2,1.0
181,0,13000000000,2,5,100,0.004,0.001,0.1,13000,23400,93.0,91.0,2.0,-93.0,1.0,2,1.0,93.0,91.0,2.0,-93.0,1.0,2,1.0,415.6,405.6,10.0,-415.6,1.0,2,1.0,93.0,91.0,2.0,-93.0,1.0,2,1.0,93.0,91.0,2.0,-93.0,1.0,2,1.0
182,25,13000000000,2,5,100,0.004,0.001,0.1,13000,23400,93.0,91.0,2.0,-68.0,1.0,2,1.0,93.0,91.0,2.0,-68.0,1.0,2,1.0,415.6,405.6,10.0,-390.6,1.0,2,1.0,93.0,91.0,2.0,-68.0,1.0,2,1.0,93.0,91.0,2.0,-68.0,1.0,2,1.0
184,75,13000000000,2,5,100,0.004,0.001,0.1,13000,23400,93.0,91.0,2.0,-18.0,1.0,2,1.0,93.0,91.0,2.0,-18.0,1.0,2,1.0,415.6,405.6,10.0,-340.6,1.0,2,1.0,93.0,91.0,2.0,-18.0,1.0,2,1.0,93.0,91.0,2.0,-18.0,1.0,2,1.0
185,100,13000000000,2,5,100,0.004,0.001,0.1,13000,23400,93.0,91.0,2.0,7.0,1.0,2,1.0,93.0,91.0,2.0,7.0,1.0,2,1.0,415.6,405.6,10.0,-315.6,1.0,2,1.0,93.0,91.0,2.0,7.0,1.0,2,1.0,93.0,91.0,2.0,7.0,1.0,2,1.0
183,50,13000000000,2,5,100,0.004,0.001,0.1,13000,23400,93.0,91.0,2.0,-43.0,1.0,2,1.0,93.0,91.0,2.0,-43.0,1.0,2,1.0,415.6,405.6,10.0,-365.6,1.0,2,1.0,93.0,91.0,2.0,-43.0,1.0,2,1.0,93.0,91.0,2.0,-43.0,1.0,2,1.0
189,200,13000000000,2,5,100,0.004,0.001,0.1,13000,23400,93.0,91.0,2.0,107.0,1.0,2,1.0,93.0,91.0,2.0,107.0,1.0,2,1.0,415.6,405.6,10.0,-215.60000000000002,1.0,2,1.0,93.0,91.0,2.0,107.0,1.0,2,1.0,93.0,91.0,2.0,107.0,1.0,2,1.0
191,25,13000000000,2,5,100,0.004,0.001,0.1,13000,27300,108.5,106.16666666666667,2.3333333333333335,-79.33333333333333,1.1666666666666667,2,1.0,108.5,106.16666666666667,2.3333333333333335,-79.33333333333333,1.1666666666666667,2,1.0,484.8666666666667,473.2,11.666666666666668,-455.7,1.1666666666666667,2,1.0,108.5,106.16666666666667,2.3333333333333335,-79.33333333333333,1.1666666666666667,2,1.0,108.5,106.16666666666667,2.3333333333333335,-79.33333333333333,1.1666666666666667,2,1.0
188,175,13000000000,2,5,100,0.004,0.001,0.1,13000,23400,93.0,91.0,2.0,82.0,1.0,2,1.0,93.0,91.0,2.0,82.0,1.0,2,1.0,415.6,405.6,10.0,-240.60000000000002,1.0,2,1.0,93.0,91.0,2.0,82.0,1.0,2,1.0,93.0,91.0,2.0,82.0,1.0,2,1.0
190,0,13000000000,2,5,100,0.004,0.001,0.1,13000,27300,108.5,106.16666666666667,2.3333333333333335,-108.5,1.1666666666666667,2,1.0,108.5,106.16666666666667,2.3333333333333335,-108.5,1.1666666666666667,2,1.0,484.8666666666667,473.2,11.666666666666668,-484.8666666666667,1.1666666666666667,2,1.0,108.5,106.16666666666667,2.3333333333333335,-108.5,1.1666666666666667,2,1.0,108.5,106.16666666666667,2.3333333333333335,-108.5,1.1666666666666667,2,1.0
186,125,13000000000,2,5,100,0.004,0.001,0.1,13000,23400,93.0,91.0,2.0,32.0,1.0,2,1.0,93.0,91.0,2.0,32.0,1.0,2,1.0,415.6,405.6,10.0,-290.6,1.0,2,1.0,93.0,91.0,2.0,32.0,1.0,2,1.0,93.0,91.0,2.0,32.0,1.0,2,1.0
187,150,13000000000,2,5,100,0.004,0.001,0.1,13000,23400,93.0,91.0,2.0,57.0,1.0,2,1.0,93.0,91.0,2.0,57.0,1.0,2,1.0,415.6,405.6,10.0,-265.6,1.0,2,1.0,93.0,91.0,2.0,57.0,1.0,2,1.0,93.0,91.0,2.0,57.0,1.0,2,1.0
193,75,13000000000,2,5,100,0.004,0.001,0.1,13000,27300,108.5,106.16666666666667,2.3333333333333335,-21.0,1.1666666666666667,2,1.0,108.5,106.16666666666667,2.3333333333333335,-21.0,1.1666666666666667,2,1.0,484.8666666666667,473.2,11.666666666666668,-397.3666666666667,1.1666666666666667,2,1.0,108.5,106.16666666666667,2.3333333333333335,-21.0,1.1666666666666667,2,1.0,108.5,106.16666666666667,2.3333333333333335,-21.0,1.1666666666666667,2,1.0
192,50,13000000000,2,5,100,0.004,0.001,0.1,13000,27300,108.5,106.16666666666667,2.3333333333333335,-50.166666666666664,1.1666666666666667,2,1.0,108.5,106.16666666666667,2.3333333333333335,-50.166666666666664,1.1666666666666667,2,1.0,484.8666666666667,473.2,11.666666666666668,-426.53333333333336,1.1666666666666667,2,1.0,108.5,106.16666666666667,2.3333333333333335,-50.166666666666664,1.1666666666666667,2,1.0,108.5,106.16666666666667,2.3333333333333335,-50.166666666666664,1.1666666666666667,2,1.0
194,100,13000000000,2,5,100,0.004,0.001,0.1,13000,27300,108.5,106.16666666666667,2.3333333333333335,8.166666666666671,1.1666666666666667,2,1.0,108.5,106.16666666666667,2.3333333333333335,8.166666666666671,1.1666666666666667,2,1.0,484.8666666666667,473.2,11.666666666666668,-368.2,1.1666666666666667,2,1.0,108.5,106.16666666666667,2.3333333333333335,8.166666666666671,1.1666666666666667,2,1.0,108.5,106.16666666666667,2.3333333333333335,8.166666666666671,1.1666666666666667,2,1.0
195,125,13000000000,2,5,100,0.004,0.001,0.1,13000,27300,108.5,106.16666666666667,2.3333333333333335,37.33333333333334,1.1666666666666667,2,1.0,108.5,106.16666666666667,2.3333333333333335,37.33333333333334,1.1666666666666667,2,1.0,484.8666666666667,473.2,11.666666666666668,-339.0333333333333,1.1666666666666667,2,1.0,108.5,106.16666666666667,2.3333333333333335,37.33333333333334,1.1666666666666667,2,1.0,108.5,106.16666666666667,2.3333333333333335,37.33333333333334,1.1666666666666667,2,1.0
197,175,13000000000,2,5,100,0.004,0.001,0.1,13000,27300,108.5,106.16666666666667,2.3333333333333335,95.66666666666669,1.1666666666666667,2,1.0,108.5,106.16666666666667,2.3333333333333335,95.66666666666669,1.1666666666666667,2,1.0,484.8666666666667,473.2,11.666666666666668,-280.7,1.1666666666666667,2,1.0,108.5,106.16666666666667,2.3333333333333335,95.66666666666669,1.1666666666666667,2,1.0,108.5,106.16666666666667,2.3333333333333335,95.66666666666669,1.1666666666666667,2,1.0
196,150,13000000000,2,5,100,0.004,0.001,0.1,13000,27300,108.5,106.16666666666667,2.3333333333333335,66.5,1.1666666666666667,2,1.0,108.5,106.16666666666667,2.3333333333333335,66.5,1.1666666666666667,2,1.0,484.8666666666667,473.2,11.666666666666668,-309.8666666666667,1.1666666666666667,2,1.0,108.5,106.16666666666667,2.3333333333333335,66.5,1.1666666666666667,2,1.0,108.5,106.16666666666667,2.3333333333333335,66.5,1.1666666666666667,2,1.0
198,200,13000000000,2,5,100,0.004,0.001,0.1,13000,27300,108.5,106.16666666666667,2.3333333333333335,124.83333333333334,1.1666666666666667,2,1.0,108.5,106.16666666666667,2.3333333333333335,124.83333333333334,1.1666666666666667,2,1.0,484.8666666666667,473.2,11.666666666666668,-251.53333333333333,1.1666666666666667,2,1.0,108.5,106.16666666666667,2.3333333333333335,124.83333333333334,1.1666666666666667,2,1.0,108.5,106.16666666666667,2.3333333333333335,124.83333333333334,1.1666666666666667,2,1.0
199,0,13000000000,2,5,100,0.004,0.001,0.1,13000,31200,124.0,121.33333333333333,2.6666666666666665,-124.0,1.3333333333333333,2,1.0,124.0,121.33333333333333,2.6666666666666665,-124.0,1.3333333333333333,2,1.0,554.1333333333333,540.8,13.333333333333332,-554.1333333333333,1.3333333333333333,2,1.0,124.0,121.33333333333333,2.6666666666666665,-124.0,1.3333333333333333,2,1.0,124.0,121.33333333333333,2.6666666666666665,-124.0,1.3333333333333333,2,1.0
200,25,13000000000,2,5,100,0.004,0.001,0.1,13000,31200,124.0,121.33333333333333,2.6666666666666665,-90.66666666666667,1.3333333333333333,2,1.0,124.0,121.33333333333333,2.6666666666666665,-90.66666666666667,1.3333333333333333,2,1.0,554.1333333333333,540.8,13.333333333333332,-520.8,1.3333333333333333,2,1.0,124.0,121.33333333333333,2.6666666666666665,-90.66666666666667,1.3333333333333333,2,1.0,124.0,121.33333333333333,2.6666666666666665,-90.66666666666667,1.3333333333333333,2,1.0
202,75,13000000000,2,5,100,0.004,0.001,0.1,13000,31200,124.0,121.33333333333333,2.6666666666666665,-24.0,1.3333333333333333,2,1.0,124.0,121.33333333333333,2.6666666666666665,-24.0,1.3333333333333333,2,1.0,554.1333333333333,540.8,13.333333333333332,-454.1333333333333,1.3333333333333333,2,1.0,124.0,121.33333333333333,2.6666666666666665,-24.0,1.3333333333333333,2,1.0,124.0,121.33333333333333,2.6666666666666665,-24.0,1.3333333333333333,2,1.0
201,50,13000000000,2,5,100,0.004,0.001,0.1,13000,31200,124.0,121.33333333333333,2.6666666666666665,-57.33333333333334,1.3333333333333333,2,1.0,124.0,121.33333333333333,2.6666666666666665,-57.33333333333334,1.3333333333333333,2,1.0,554.1333333333333,540.8,13.333333333333332,-487.4666666666667,1.3333333333333333,2,1.0,124.0,121.33333333333333,2.6666666666666665,-57.33333333333334,1.3333333333333333,2,1.0,124.0,121.33333333333333,2.6666666666666665,-57.33333333333334,1.3333333333333333,2,1.0
203,100,13000000000,2,5,100,0.004,0.001,0.1,13000,31200,124.0,121.33333333333333,2.6666666666666665,9.333333333333314,1.3333333333333333,2,1.0,124.0,121.33333333333333,2.6666666666666665,9.333333333333314,1.3333333333333333,2,1.0,554.1333333333333,540.8,13.333333333333332,-420.8,1.3333333333333333,2,1.0,124.0,121.33333333333333,2.6666666666666665,9.333333333333314,1.3333333333333333,2,1.0,124.0,121.33333333333333,2.6666666666666665,9.333333333333314,1.3333333333333333,2,1.0
204,125,13000000000,2,5,100,0.004,0.001,0.1,13000,31200,124.0,121.33333333333333,2.6666666666666665,42.66666666666666,1.3333333333333333,2,1.0,124.0,121.33333333333333,2.6666666666666665,42.66666666666666,1.3333333333333333,2,1.0,554.1333333333333,540.8,13.333333333333332,-387.4666666666667,1.3333333333333333,2,1.0,124.0,121.33333333333333,2.6666666666666665,42.66666666666666,1.3333333333333333,2,1.0,124.0,121.33333333333333,2.6666666666666665,42.66666666666666,1.3333333333333333,2,1.0
209,25,13000000000,2,5,100,0.004,0.001,0.1,13000,35100,139.5,136.5,3.0,-102.0,1.5,2,1.0,139.5,136.5,3.0,-102.0,1.5,2,1.0,623.4000000000001,608.4000000000001,15.0,-585.9000000000001,1.5,2,1.0,139.5,136.5,3.0,-102.0,1.5,2,1.0,139.5,136.5,3.0,-102.0,1.5,2,1.0
205,150,13000000000,2,5,100,0.004,0.001,0.1,13000,31200,124.0,121.33333333333333,2.6666666666666665,76.0,1.3333333333333333,2,1.0,124.0,121.33333333333333,2.6666666666666665,76.0,1.3333333333333333,2,1.0,554.1333333333333,540.8,13.333333333333332,-354.1333333333333,1.3333333333333333,2,1.0,124.0,121.33333333333333,2.6666666666666665,76.0,1.3333333333333333,2,1.0,124.0,121.33333333333333,2.6666666666666665,76.0,1.3333333333333333,2,1.0
208,0,13000000000,2,5,100,0.004,0.001,0.1,13000,35100,139.5,136.5,3.0,-139.5,1.5,2,1.0,139.5,136.5,3.0,-139.5,1.5,2,1.0,623.4000000000001,608.4000000000001,15.0,-623.4000000000001,1.5,2,1.0,139.5,136.5,3.0,-139.5,1.5,2,1.0,139.5,136.5,3.0,-139.5,1.5,2,1.0
206,175,13000000000,2,5,100,0.004,0.001,0.1,13000,31200,124.0,121.33333333333333,2.6666666666666665,109.33333333333331,1.3333333333333333,2,1.0,124.0,121.33333333333333,2.6666666666666665,109.33333333333331,1.3333333333333333,2,1.0,554.1333333333333,540.8,13.333333333333332,-320.8,1.3333333333333333,2,1.0,124.0,121.33333333333333,2.6666666666666665,109.33333333333331,1.3333333333333333,2,1.0,124.0,121.33333333333333,2.6666666666666665,109.33333333333331,1.3333333333333333,2,1.0
211,75,13000000000,2,5,100,0.004,0.001,0.1,13000,35100,139.5,136.5,3.0,-27.0,1.5,2,1.0,139.5,136.5,3.0,-27.0,1.5,2,1.0,623.4000000000001,608.4000000000001,15.0,-510.9000000000001,1.5,2,1.0,139.5,136.5,3.0,-27.0,1.5,2,1.0,139.5,136.5,3.0,-27.0,1.5,2,1.0
210,50,13000000000,2,5,100,0.004,0.001,0.1,13000,35100,139.5,136.5,3.0,-64.5,1.5,2,1.0,139.5,136.5,3.0,-64.5,1.5,2,1.0,623.4000000000001,608.4000000000001,15.0,-548.4000000000001,1.5,2,1.0,139.5,136.5,3.0,-64.5,1.5,2,1.0,139.5,136.5,3.0,-64.5,1.5,2,1.0
214,150,13000000000,2,5,100,0.004,0.001,0.1,13000,35100,139.5,136.5,3.0,85.5,1.5,2,1.0,139.5,136.5,3.0,85.5,1.5,2,1.0,623.4000000000001,608.4000000000001,15.0,-398.4000000000001,1.5,2,1.0,139.5,136.5,3.0,85.5,1.5,2,1.0,139.5,136.5,3.0,85.5,1.5,2,1.0
207,200,13000000000,2,5,100,0.004,0.001,0.1,13000,31200,124.0,121.33333333333333,2.6666666666666665,142.66666666666663,1.3333333333333333,2,1.0,124.0,121.33333333333333,2.6666666666666665,142.66666666666663,1.3333333333333333,2,1.0,554.1333333333333,540.8,13.333333333333332,-287.4666666666667,1.3333333333333333,2,1.0,124.0,121.33333333333333,2.6666666666666665,142.66666666666663,1.3333333333333333,2,1.0,124.0,121.33333333333333,2.6666666666666665,142.66666666666663,1.3333333333333333,2,1.0
212,100,13000000000,2,5,100,0.004,0.001,0.1,13000,35100,139.5,136.5,3.0,10.5,1.5,2,1.0,139.5,136.5,3.0,10.5,1.5,2,1.0,623.4000000000001,608.4000000000001,15.0,-473.4000000000001,1.5,2,1.0,139.5,136.5,3.0,10.5,1.5,2,1.0,139.5,136.5,3.0,10.5,1.5,2,1.0
213,125,13000000000,2,5,100,0.004,0.001,0.1,13000,35100,139.5,136.5,3.0,48.0,1.5,2,1.0,139.5,136.5,3.0,48.0,1.5,2,1.0,623.4000000000001,608.4000000000001,15.0,-435.9000000000001,1.5,2,1.0,139.5,136.5,3.0,48.0,1.5,2,1.0,139.5,136.5,3.0,48.0,1.5,2,1.0
216,200,13000000000,2,5,100,0.004,0.001,0.1,13000,35100,139.5,136.5,3.0,160.5,1.5,2,1.0,139.5,136.5,3.0,160.5,1.5,2,1.0,623.4000000000001,608.4000000000001,15.0,-323.4000000000001,1.5,2,1.0,139.5,136.5,3.0,160.5,1.5,2,1.0,139.5,136.5,3.0,160.5,1.5,2,1.0
215,175,13000000000,2,5,100,0.004,0.001,0.1,13000,35100,139.5,136.5,3.0,123.0,1.5,2,1.0,139.5,136.5,3.0,123.0,1.5,2,1.0,623.4000000000001,608.4000000000001,15.0,-360.9000000000001,1.5,2,1.0,139.5,136.5,3.0,123.0,1.5,2,1.0,139.5,136.5,3.0,123.0,1.5,2,1.0
217,0,13000000000,2,5,100,0.004,0.001,0.1,13000,39000,91.0,91.0,0.0,-91.0,1.0,1,2.0,91.0,91.0,0.0,-91.0,1.0,1,2.0,692.6666666666666,676.0,16.666666666666668,-692.6666666666666,1.6666666666666667,2,1.0,155.00000000000003,151.66666666666669,3.3333333333333335,-155.00000000000003,1.6666666666666667,2,1.0,155.00000000000003,151.66666666666669,3.3333333333333335,-155.00000000000003,1.6666666666666667,2,1.0
218,25,13000000000,2,5,100,0.004,0.001,0.1,13000,39000,91.0,91.0,0.0,-66.0,1.0,1,2.0,91.0,91.0,0.0,-66.0,1.0,1,2.0,692.6666666666666,676.0,16.666666666666668,-651.0,1.6666666666666667,2,1.0,155.00000000000003,151.66666666666669,3.3333333333333335,-113.33333333333336,1.6666666666666667,2,1.0,155.00000000000003,151.66666666666669,3.3333333333333335,-113.33333333333336,1.6666666666666667,2,1.0
219,50,13000000000,2,5,100,0.004,0.001,0.1,13000,39000,91.0,91.0,0.0,-41.0,1.0,1,2.0,91.0,91.0,0.0,-41.0,1.0,1,2.0,692.6666666666666,676.0,16.666666666666668,-609.3333333333333,1.6666666666666667,2,1.0,155.00000000000003,151.66666666666669,3.3333333333333335,-71.66666666666669,1.6666666666666667,2,1.0,155.00000000000003,151.66666666666669,3.3333333333333335,-71.66666666666669,1.6666666666666667,2,1.0
220,75,13000000000,2,5,100,0.004,0.001,0.1,13000,39000,91.0,91.0,0.0,-16.0,1.0,1,2.0,91.0,91.0,0.0,-16.0,1.0,1,2.0,692.6666666666666,676.0,16.666666666666668,-567.6666666666666,1.6666666666666667,2,1.0,155.00000000000003,151.66666666666669,3.3333333333333335,-30.00000000000003,1.6666666666666667,2,1.0,155.00000000000003,151.66666666666669,3.3333333333333335,-30.00000000000003,1.6666666666666667,2,1.0
221,100,13000000000,2,5,100,0.004,0.001,0.1,13000,39000,91.0,91.0,0.0,9.0,1.0,1,2.0,155.00000000000003,151.66666666666669,3.3333333333333335,11.666666666666657,1.6666666666666667,2,1.0,692.6666666666666,676.0,16.666666666666668,-526.0,1.6666666666666667,2,1.0,155.00000000000003,151.66666666666669,3.3333333333333335,11.666666666666657,1.6666666666666667,2,1.0,155.00000000000003,151.66666666666669,3.3333333333333335,11.666666666666657,1.6666666666666667,2,1.0
222,125,13000000000,2,5,100,0.004,0.001,0.1,13000,39000,91.0,91.0,0.0,34.0,1.0,1,2.0,155.00000000000003,151.66666666666669,3.3333333333333335,53.333333333333314,1.6666666666666667,2,1.0,692.6666666666666,676.0,16.666666666666668,-484.33333333333326,1.6666666666666667,2,1.0,155.00000000000003,151.66666666666669,3.3333333333333335,53.333333333333314,1.6666666666666667,2,1.0,155.00000000000003,151.66666666666669,3.3333333333333335,53.333333333333314,1.6666666666666667,2,1.0
223,150,13000000000,2,5,100,0.004,0.001,0.1,13000,39000,91.0,91.0,0.0,59.0,1.0,1,2.0,155.00000000000003,151.66666666666669,3.3333333333333335,94.99999999999997,1.6666666666666667,2,1.0,692.6666666666666,676.0,16.666666666666668,-442.66666666666663,1.6666666666666667,2,1.0,155.00000000000003,151.66666666666669,3.3333333333333335,94.99999999999997,1.6666666666666667,2,1.0,155.00000000000003,151.66666666666669,3.3333333333333335,94.99999999999997,1.6666666666666667,2,1.0
224,175,13000000000,2,5,100,0.004,0.001,0.1,13000,39000,91.0,91.0,0.0,84.0,1.0,1,2.0,155.00000000000003,151.66666666666669,3.3333333333333335,136.66666666666666,1.6666666666666667,2,1.0,692.6666666666666,676.0,16.666666666666668,-400.99999999999994,1.6666666666666667,2,1.0,155.00000000000003,151.66666666666669,3.3333333333333335,136.66666666666666,1.6666666666666667,2,1.0,155.00000000000003,151.66666666666669,3.3333333333333335,136.66666666666666,1.6666666666666667,2,1.0
225,200,13000000000,2,5,100,0.004,0.001,0.1,13000,39000,91.0,91.0,0.0,109.0,1.0,1,2.0,155.00000000000003,151.66666666666669,3.3333333333333335,178.33333333333334,1.6666666666666667,2,1.0,692.6666666666666,676.0,16.666666666666668,-359.33333333333326,1.6666666666666667,2,1.0,155.00000000000003,151.66666666666669,3.3333333333333335,178.33333333333334,1.6666666666666667,2,1.0,155.00000000000003,151.66666666666669,3.3333333333333335,178.33333333333334,1.6666666666666667,2,1.0
